1	6	1	AA/AA/AA	0.99999999	0	1	0.7447575	0.0001791	0.0001791	0.0001791
2	8	0.5	AA/AC/AA	0.99999999	0	1	0.0003582	0.0001194	7.246376812e-09	7.246376812e-09
2	8	0.5	AA/AG/AA	0.99999999	0	1	0.0003582	7.246376812e-09	0.0001194	7.246376812e-09
2	8	0.5	AA/AT/AA	0.99999999	0	1	0.0003582	7.246376812e-09	7.246376812e-09	0.0001194
2	5	1	AA/CC/AA	1e-08	1	0	5.97e-05	5.97e-05	7.246376812e-09	7.246376812e-09
3	9	0	AA/CG/AA	0	0	1	7.246376812e-09	7.246376812e-09	7.246376812e-09	7.246376812e-09
3	9	0	AA/CT/AA	0	0	1	7.246376812e-09	7.246376812e-09	7.246376812e-09	7.246376812e-09
2	4	1	AA/GG/AA	1e-08	1	0	5.97e-05	7.246376812e-09	5.97e-05	7.246376812e-09
3	9	0	AA/GT/AA	0	0	1	7.246376812e-09	7.246376812e-09	7.246376812e-09	7.246376812e-09
2	5	1	AA/TT/AA	1e-08	1	0	5.97e-05	7.246376812e-09	7.246376812e-09	5.97e-05
2	9	0	AC/AA/AA	0	0	1	0.7447575	0.0001791	0.0001791	0.0001791
2	9	0	AC/AC/AA	0	0	1	0.0003582	0.0001194	7.246376812e-09	7.246376812e-09
3	9	0	AC/AG/AA	0	0	1	7.5e-07	7.5e-07	7.5e-07	7.5e-07
3	9	0	AC/AT/AA	0	0	1	7.5e-07	7.5e-07	7.5e-07	7.5e-07
2	9	0	AC/CC/AA	0	0	1	5.97e-05	5.97e-05	7.246376812e-09	7.246376812e-09
3	9	0	AC/CG/AA	0	0	1	7.246376812e-09	7.246376812e-09	7.246376812e-09	7.246376812e-09
3	9	0	AC/CT/AA	0	0	1	7.246376812e-09	7.246376812e-09	7.246376812e-09	7.246376812e-09
3	9	0	AC/GG/AA	0	0	1	7.5e-07	7.5e-07	7.5e-07	7.5e-07
4	9	0	AC/GT/AA	0	0	1	7.5e-27	7.5e-27	7.5e-27	7.5e-27
3	9	0	AC/TT/AA	0	0	1	7.5e-07	7.5e-07	7.5e-07	7.5e-07
2	9	0	AG/AA/AA	0	0	1	0.7447575	0.0001791	0.0001791	0.0001791
3	9	0	AG/AC/AA	0	0	1	7.5e-07	7.5e-07	7.5e-07	7.5e-07
2	9	0	AG/AG/AA	0	0	1	0.0003582	7.246376812e-09	0.0001194	7.246376812e-09
3	9	0	AG/AT/AA	0	0	1	7.5e-07	7.5e-07	7.5e-07	7.5e-07
3	9	0	AG/CC/AA	0	0	1	7.5e-07	7.5e-07	7.5e-07	7.5e-07
3	9	0	AG/CG/AA	0	0	1	7.246376812e-09	7.246376812e-09	7.246376812e-09	7.246376812e-09
4	9	0	AG/CT/AA	0	0	1	7.5e-27	7.5e-27	7.5e-27	7.5e-27
2	9	0	AG/GG/AA	0	0	1	5.97e-05	7.246376812e-09	5.97e-05	7.246376812e-09
3	9	0	AG/GT/AA	0	0	1	7.246376812e-09	7.246376812e-09	7.246376812e-09	7.246376812e-09
3	9	0	AG/TT/AA	0	0	1	7.5e-07	7.5e-07	7.5e-07	7.5e-07
2	9	0	AT/AA/AA	0	0	1	0.7447575	0.0001791	0.0001791	0.0001791
3	9	0	AT/AC/AA	0	0	1	7.5e-07	7.5e-07	7.5e-07	7.5e-07
3	9	0	AT/AG/AA	0	0	1	7.5e-07	7.5e-07	7.5e-07	7.5e-07
2	9	0	AT/AT/AA	0	0	1	0.0003582	7.246376812e-09	7.246376812e-09	0.0001194
3	9	0	AT/CC/AA	0	0	1	7.5e-07	7.5e-07	7.5e-07	7.5e-07
4	9	0	AT/CG/AA	0	0	1	7.5e-27	7.5e-27	7.5e-27	7.5e-27
3	9	0	AT/CT/AA	0	0	1	7.246376812e-09	7.246376812e-09	7.246376812e-09	7.246376812e-09
3	9	0	AT/GG/AA	0	0	1	7.5e-07	7.5e-07	7.5e-07	7.5e-07
3	9	0	AT/GT/AA	0	0	1	7.246376812e-09	7.246376812e-09	7.246376812e-09	7.246376812e-09
2	9	0	AT/TT/AA	0	0	1	5.97e-05	7.246376812e-09	7.246376812e-09	5.97e-05
2	3	1	CC/AA/AA	1e-08	1	0	0.7447575	0.0001791	0.0001791	0.0001791
2	2	1	CC/AC/AA	0.99999999	0	1	0.0003582	0.0001194	7.246376812e-09	7.246376812e-09
3	9	0	CC/AG/AA	0	0	1	7.5e-07	7.5e-07	7.5e-07	7.5e-07
3	9	0	CC/AT/AA	0	0	1	7.5e-07	7.5e-07	7.5e-07	7.5e-07
2	2	1	CC/CC/AA	0.99999999	0	1	5.97e-05	5.97e-05	7.246376812e-09	7.246376812e-09
3	9	0	CC/CG/AA	0	0	1	7.246376812e-09	7.246376812e-09	7.246376812e-09	7.246376812e-09
3	9	0	CC/CT/AA	0	0	1	7.246376812e-09	7.246376812e-09	7.246376812e-09	7.246376812e-09
3	9	0	CC/GG/AA	0	0	1	7.5e-07	7.5e-07	7.5e-07	7.5e-07
4	9	0	CC/GT/AA	0	0	1	7.5e-27	7.5e-27	7.5e-27	7.5e-27
3	9	0	CC/TT/AA	0	0	1	7.5e-07	7.5e-07	7.5e-07	7.5e-07
3	9	0	CG/AA/AA	0	0	1	7.5e-07	7.5e-07	7.5e-07	7.5e-07
3	9	0	CG/AC/AA	0	0	1	7.5e-07	7.5e-07	7.5e-07	7.5e-07
3	9	0	CG/AG/AA	0	0	1	7.5e-07	7.5e-07	7.5e-07	7.5e-07
4	9	0	CG/AT/AA	0	0	1	7.5e-27	7.5e-27	7.5e-27	7.5e-27
3	9	0	CG/CC/AA	0	0	1	7.5e-07	7.5e-07	7.5e-07	7.5e-07
3	9	0	CG/CG/AA	0	0	1	7.246376812e-09	7.246376812e-09	7.246376812e-09	7.246376812e-09
4	9	0	CG/CT/AA	0	0	1	7.5e-27	7.5e-27	7.5e-27	7.5e-27
3	9	0	CG/GG/AA	0	0	1	7.5e-07	7.5e-07	7.5e-07	7.5e-07
4	9	0	CG/GT/AA	0	0	1	7.5e-27	7.5e-27	7.5e-27	7.5e-27
4	9	0	CG/TT/AA	0	0	1	7.5e-27	7.5e-27	7.5e-27	7.5e-27
3	9	0	CT/AA/AA	0	0	1	7.5e-07	7.5e-07	7.5e-07	7.5e-07
3	9	0	CT/AC/AA	0	0	1	7.5e-07	7.5e-07	7.5e-07	7.5e-07
4	9	0	CT/AG/AA	0	0	1	7.5e-27	7.5e-27	7.5e-27	7.5e-27
3	9	0	CT/AT/AA	0	0	1	7.5e-07	7.5e-07	7.5e-07	7.5e-07
3	9	0	CT/CC/AA	0	0	1	7.5e-07	7.5e-07	7.5e-07	7.5e-07
4	9	0	CT/CG/AA	0	0	1	7.5e-27	7.5e-27	7.5e-27	7.5e-27
3	9	0	CT/CT/AA	0	0	1	7.246376812e-09	7.246376812e-09	7.246376812e-09	7.246376812e-09
4	9	0	CT/GG/AA	0	0	1	7.5e-27	7.5e-27	7.5e-27	7.5e-27
4	9	0	CT/GT/AA	0	0	1	7.5e-27	7.5e-27	7.5e-27	7.5e-27
3	9	0	CT/TT/AA	0	0	1	7.5e-07	7.5e-07	7.5e-07	7.5e-07
2	3	1	GG/AA/AA	1e-08	1	0	0.7447575	0.0001791	0.0001791	0.0001791
3	9	0	GG/AC/AA	0	0	1	7.5e-07	7.5e-07	7.5e-07	7.5e-07
2	2	1	GG/AG/AA	0.99999999	0	1	0.0003582	7.246376812e-09	0.0001194	7.246376812e-09
3	9	0	GG/AT/AA	0	0	1	7.5e-07	7.5e-07	7.5e-07	7.5e-07
3	9	0	GG/CC/AA	0	0	1	7.5e-07	7.5e-07	7.5e-07	7.5e-07
3	9	0	GG/CG/AA	0	0	1	7.246376812e-09	7.246376812e-09	7.246376812e-09	7.246376812e-09
4	9	0	GG/CT/AA	0	0	1	7.5e-27	7.5e-27	7.5e-27	7.5e-27
2	2	1	GG/GG/AA	0.99999999	0	1	5.97e-05	7.246376812e-09	5.97e-05	7.246376812e-09
3	9	0	GG/GT/AA	0	0	1	7.246376812e-09	7.246376812e-09	7.246376812e-09	7.246376812e-09
3	9	0	GG/TT/AA	0	0	1	7.5e-07	7.5e-07	7.5e-07	7.5e-07
3	9	0	GT/AA/AA	0	0	1	7.5e-07	7.5e-07	7.5e-07	7.5e-07
4	9	0	GT/AC/AA	0	0	1	7.5e-27	7.5e-27	7.5e-27	7.5e-27
3	9	0	GT/AG/AA	0	0	1	7.5e-07	7.5e-07	7.5e-07	7.5e-07
3	9	0	GT/AT/AA	0	0	1	7.5e-07	7.5e-07	7.5e-07	7.5e-07
4	9	0	GT/CC/AA	0	0	1	7.5e-27	7.5e-27	7.5e-27	7.5e-27
4	9	0	GT/CG/AA	0	0	1	7.5e-27	7.5e-27	7.5e-27	7.5e-27
4	9	0	GT/CT/AA	0	0	1	7.5e-27	7.5e-27	7.5e-27	7.5e-27
3	9	0	GT/GG/AA	0	0	1	7.5e-07	7.5e-07	7.5e-07	7.5e-07
3	9	0	GT/GT/AA	0	0	1	7.246376812e-09	7.246376812e-09	7.246376812e-09	7.246376812e-09
3	9	0	GT/TT/AA	0	0	1	7.5e-07	7.5e-07	7.5e-07	7.5e-07
2	3	1	TT/AA/AA	1e-08	1	0	0.7447575	0.0001791	0.0001791	0.0001791
3	9	0	TT/AC/AA	0	0	1	7.5e-07	7.5e-07	7.5e-07	7.5e-07
3	9	0	TT/AG/AA	0	0	1	7.5e-07	7.5e-07	7.5e-07	7.5e-07
2	2	1	TT/AT/AA	0.99999999	0	1	0.0003582	7.246376812e-09	7.246376812e-09	0.0001194
3	9	0	TT/CC/AA	0	0	1	7.5e-07	7.5e-07	7.5e-07	7.5e-07
4	9	0	TT/CG/AA	0	0	1	7.5e-27	7.5e-27	7.5e-27	7.5e-27
3	9	0	TT/CT/AA	0	0	1	7.246376812e-09	7.246376812e-09	7.246376812e-09	7.246376812e-09
3	9	0	TT/GG/AA	0	0	1	7.5e-07	7.5e-07	7.5e-07	7.5e-07
3	9	0	TT/GT/AA	0	0	1	7.246376812e-09	7.246376812e-09	7.246376812e-09	7.246376812e-09
2	2	1	TT/TT/AA	0.99999999	0	1	5.97e-05	7.246376812e-09	7.246376812e-09	5.97e-05
2	9	0	AA/AA/AC	0	0	1	0.0003582	0.0001194	7.246376812e-09	7.246376812e-09
2	9	0	AA/AC/AC	0	0	1	0.0002388	0.0002388	7.246376812e-09	7.246376812e-09
3	9	0	AA/AG/AC	0	0	1	7.246376812e-09	7.246376812e-09	7.246376812e-09	7.246376812e-09
3	9	0	AA/AT/AC	0	0	1	7.246376812e-09	7.246376812e-09	7.246376812e-09	7.246376812e-09
2	9	0	AA/CC/AC	0	0	1	0.0001194	0.0003582	7.246376812e-09	7.246376812e-09
3	9	0	AA/CG/AC	0	0	1	7.246376812e-09	7.246376812e-09	7.246376812e-09	7.246376812e-09
3	9	0	AA/CT/AC	0	0	1	7.246376812e-09	7.246376812e-09	7.246376812e-09	7.246376812e-09
3	9	0	AA/GG/AC	0	0	1	7.246376812e-09	7.246376812e-09	7.246376812e-09	7.246376812e-09
4	9	0	AA/GT/AC	0	0	1	7.5e-27	7.5e-27	7.5e-27	7.5e-27
3	9	0	AA/TT/AC	0	0	1	7.246376812e-09	7.246376812e-09	7.246376812e-09	7.246376812e-09
2	9	0	AC/AA/AC	0	0	1	0.0003582	0.0001194	7.246376812e-09	7.246376812e-09
2	9	0	AC/AC/AC	0	0	1	0.0002388	0.0002388	7.246376812e-09	7.246376812e-09
3	9	0	AC/AG/AC	0	0	1	7.246376812e-09	7.246376812e-09	7.246376812e-09	7.246376812e-09
3	9	0	AC/AT/AC	0	0	1	7.246376812e-09	7.246376812e-09	7.246376812e-09	7.246376812e-09
2	9	0	AC/CC/AC	0	0	1	0.0001194	0.0003582	7.246376812e-09	7.246376812e-09
3	9	0	AC/CG/AC	0	0	1	7.246376812e-09	7.246376812e-09	7.246376812e-09	7.246376812e-09
3	9	0	AC/CT/AC	0	0	1	7.246376812e-09	7.246376812e-09	7.246376812e-09	7.246376812e-09
3	9	0	AC/GG/AC	0	0	1	7.246376812e-09	7.246376812e-09	7.246376812e-09	7.246376812e-09
4	9	0	AC/GT/AC	0	0	1	7.5e-27	7.5e-27	7.5e-27	7.5e-27
3	9	0	AC/TT/AC	0	0	1	7.246376812e-09	7.246376812e-09	7.246376812e-09	7.246376812e-09
3	9	0	AG/AA/AC	0	0	1	7.5e-07	7.5e-07	7.5e-07	7.5e-07
3	9	0	AG/AC/AC	0	0	1	7.5e-07	7.5e-07	7.5e-07	7.5e-07
3	9	0	AG/AG/AC	0	0	1	7.246376812e-09	7.246376812e-09	7.246376812e-09	7.246376812e-09
4	9	0	AG/AT/AC	0	0	1	7.5e-27	7.5e-27	7.5e-27	7.5e-27
3	9	0	AG/CC/AC	0	0	1	7.5e-07	7.5e-07	7.5e-07	7.5e-07
3	9	0	AG/CG/AC	0	0	1	7.246376812e-09	7.246376812e-09	7.246376812e-09	7.246376812e-09
4	9	0	AG/CT/AC	0	0	1	7.5e-27	7.5e-27	7.5e-27	7.5e-27
3	9	0	AG/GG/AC	0	0	1	7.246376812e-09	7.246376812e-09	7.246376812e-09	7.246376812e-09
4	9	0	AG/GT/AC	0	0	1	7.5e-27	7.5e-27	7.5e-27	7.5e-27
4	9	0	AG/TT/AC	0	0	1	7.5e-27	7.5e-27	7.5e-27	7.5e-27
3	9	0	AT/AA/AC	0	0	1	7.5e-07	7.5e-07	7.5e-07	7.5e-07
3	9	0	AT/AC/AC	0	0	1	7.5e-07	7.5e-07	7.5e-07	7.5e-07
4	9	0	AT/AG/AC	0	0	1	7.5e-27	7.5e-27	7.5e-27	7.5e-27
3	9	0	AT/AT/AC	0	0	1	7.246376812e-09	7.246376812e-09	7.246376812e-09	7.246376812e-09
3	9	0	AT/CC/AC	0	0	1	7.5e-07	7.5e-07	7.5e-07	7.5e-07
4	9	0	AT/CG/AC	0	0	1	7.5e-27	7.5e-27	7.5e-27	7.5e-27
3	9	0	AT/CT/AC	0	0	1	7.246376812e-09	7.246376812e-09	7.246376812e-09	7.246376812e-09
4	9	0	AT/GG/AC	0	0	1	7.5e-27	7.5e-27	7.5e-27	7.5e-27
4	9	0	AT/GT/AC	0	0	1	7.5e-27	7.5e-27	7.5e-27	7.5e-27
3	9	0	AT/TT/AC	0	0	1	7.246376812e-09	7.246376812e-09	7.246376812e-09	7.246376812e-09
2	9	0	CC/AA/AC	0	0	1	0.0003582	0.0001194	7.246376812e-09	7.246376812e-09
2	9	0	CC/AC/AC	0	0	1	0.0002388	0.0002388	7.246376812e-09	7.246376812e-09
3	9	0	CC/AG/AC	0	0	1	7.246376812e-09	7.246376812e-09	7.246376812e-09	7.246376812e-09
3	9	0	CC/AT/AC	0	0	1	7.246376812e-09	7.246376812e-09	7.246376812e-09	7.246376812e-09
2	9	0	CC/CC/AC	0	0	1	0.0001194	0.0003582	7.246376812e-09	7.246376812e-09
3	9	0	CC/CG/AC	0	0	1	7.246376812e-09	7.246376812e-09	7.246376812e-09	7.246376812e-09
3	9	0	CC/CT/AC	0	0	1	7.246376812e-09	7.246376812e-09	7.246376812e-09	7.246376812e-09
3	9	0	CC/GG/AC	0	0	1	7.246376812e-09	7.246376812e-09	7.246376812e-09	7.246376812e-09
4	9	0	CC/GT/AC	0	0	1	7.5e-27	7.5e-27	7.5e-27	7.5e-27
3	9	0	CC/TT/AC	0	0	1	7.246376812e-09	7.246376812e-09	7.246376812e-09	7.246376812e-09
3	9	0	CG/AA/AC	0	0	1	7.5e-07	7.5e-07	7.5e-07	7.5e-07
3	9	0	CG/AC/AC	0	0	1	7.5e-07	7.5e-07	7.5e-07	7.5e-07
3	9	0	CG/AG/AC	0	0	1	7.246376812e-09	7.246376812e-09	7.246376812e-09	7.246376812e-09
4	9	0	CG/AT/AC	0	0	1	7.5e-27	7.5e-27	7.5e-27	7.5e-27
3	9	0	CG/CC/AC	0	0	1	7.5e-07	7.5e-07	7.5e-07	7.5e-07
3	9	0	CG/CG/AC	0	0	1	7.246376812e-09	7.246376812e-09	7.246376812e-09	7.246376812e-09
4	9	0	CG/CT/AC	0	0	1	7.5e-27	7.5e-27	7.5e-27	7.5e-27
3	9	0	CG/GG/AC	0	0	1	7.246376812e-09	7.246376812e-09	7.246376812e-09	7.246376812e-09
4	9	0	CG/GT/AC	0	0	1	7.5e-27	7.5e-27	7.5e-27	7.5e-27
4	9	0	CG/TT/AC	0	0	1	7.5e-27	7.5e-27	7.5e-27	7.5e-27
3	9	0	CT/AA/AC	0	0	1	7.5e-07	7.5e-07	7.5e-07	7.5e-07
3	9	0	CT/AC/AC	0	0	1	7.5e-07	7.5e-07	7.5e-07	7.5e-07
4	9	0	CT/AG/AC	0	0	1	7.5e-27	7.5e-27	7.5e-27	7.5e-27
3	9	0	CT/AT/AC	0	0	1	7.246376812e-09	7.246376812e-09	7.246376812e-09	7.246376812e-09
3	9	0	CT/CC/AC	0	0	1	7.5e-07	7.5e-07	7.5e-07	7.5e-07
4	9	0	CT/CG/AC	0	0	1	7.5e-27	7.5e-27	7.5e-27	7.5e-27
3	9	0	CT/CT/AC	0	0	1	7.246376812e-09	7.246376812e-09	7.246376812e-09	7.246376812e-09
4	9	0	CT/GG/AC	0	0	1	7.5e-27	7.5e-27	7.5e-27	7.5e-27
4	9	0	CT/GT/AC	0	0	1	7.5e-27	7.5e-27	7.5e-27	7.5e-27
3	9	0	CT/TT/AC	0	0	1	7.246376812e-09	7.246376812e-09	7.246376812e-09	7.246376812e-09
3	9	0	GG/AA/AC	0	0	1	7.5e-07	7.5e-07	7.5e-07	7.5e-07
3	9	0	GG/AC/AC	0	0	1	7.5e-07	7.5e-07	7.5e-07	7.5e-07
3	9	0	GG/AG/AC	0	0	1	7.246376812e-09	7.246376812e-09	7.246376812e-09	7.246376812e-09
4	9	0	GG/AT/AC	0	0	1	7.5e-27	7.5e-27	7.5e-27	7.5e-27
3	9	0	GG/CC/AC	0	0	1	7.5e-07	7.5e-07	7.5e-07	7.5e-07
3	9	0	GG/CG/AC	0	0	1	7.246376812e-09	7.246376812e-09	7.246376812e-09	7.246376812e-09
4	9	0	GG/CT/AC	0	0	1	7.5e-27	7.5e-27	7.5e-27	7.5e-27
3	9	0	GG/GG/AC	0	0	1	7.246376812e-09	7.246376812e-09	7.246376812e-09	7.246376812e-09
4	9	0	GG/GT/AC	0	0	1	7.5e-27	7.5e-27	7.5e-27	7.5e-27
4	9	0	GG/TT/AC	0	0	1	7.5e-27	7.5e-27	7.5e-27	7.5e-27
4	9	0	GT/AA/AC	0	0	1	7.5e-27	7.5e-27	7.5e-27	7.5e-27
4	9	0	GT/AC/AC	0	0	1	7.5e-27	7.5e-27	7.5e-27	7.5e-27
4	9	0	GT/AG/AC	0	0	1	7.5e-27	7.5e-27	7.5e-27	7.5e-27
4	9	0	GT/AT/AC	0	0	1	7.5e-27	7.5e-27	7.5e-27	7.5e-27
4	9	0	GT/CC/AC	0	0	1	7.5e-27	7.5e-27	7.5e-27	7.5e-27
4	9	0	GT/CG/AC	0	0	1	7.5e-27	7.5e-27	7.5e-27	7.5e-27
4	9	0	GT/CT/AC	0	0	1	7.5e-27	7.5e-27	7.5e-27	7.5e-27
4	9	0	GT/GG/AC	0	0	1	7.5e-27	7.5e-27	7.5e-27	7.5e-27
4	9	0	GT/GT/AC	0	0	1	7.5e-27	7.5e-27	7.5e-27	7.5e-27
4	9	0	GT/TT/AC	0	0	1	7.5e-27	7.5e-27	7.5e-27	7.5e-27
3	9	0	TT/AA/AC	0	0	1	7.5e-07	7.5e-07	7.5e-07	7.5e-07
3	9	0	TT/AC/AC	0	0	1	7.5e-07	7.5e-07	7.5e-07	7.5e-07
4	9	0	TT/AG/AC	0	0	1	7.5e-27	7.5e-27	7.5e-27	7.5e-27
3	9	0	TT/AT/AC	0	0	1	7.246376812e-09	7.246376812e-09	7.246376812e-09	7.246376812e-09
3	9	0	TT/CC/AC	0	0	1	7.5e-07	7.5e-07	7.5e-07	7.5e-07
4	9	0	TT/CG/AC	0	0	1	7.5e-27	7.5e-27	7.5e-27	7.5e-27
3	9	0	TT/CT/AC	0	0	1	7.246376812e-09	7.246376812e-09	7.246376812e-09	7.246376812e-09
4	9	0	TT/GG/AC	0	0	1	7.5e-27	7.5e-27	7.5e-27	7.5e-27
4	9	0	TT/GT/AC	0	0	1	7.5e-27	7.5e-27	7.5e-27	7.5e-27
3	9	0	TT/TT/AC	0	0	1	7.246376812e-09	7.246376812e-09	7.246376812e-09	7.246376812e-09
2	9	0	AA/AA/AG	0	0	1	0.0003582	7.246376812e-09	0.0001194	7.246376812e-09
3	9	0	AA/AC/AG	0	0	1	7.246376812e-09	7.246376812e-09	7.246376812e-09	7.246376812e-09
2	9	0	AA/AG/AG	0	0	1	0.0002388	7.246376812e-09	0.0002388	7.246376812e-09
3	9	0	AA/AT/AG	0	0	1	7.246376812e-09	7.246376812e-09	7.246376812e-09	7.246376812e-09
3	9	0	AA/CC/AG	0	0	1	7.246376812e-09	7.246376812e-09	7.246376812e-09	7.246376812e-09
3	9	0	AA/CG/AG	0	0	1	7.246376812e-09	7.246376812e-09	7.246376812e-09	7.246376812e-09
4	9	0	AA/CT/AG	0	0	1	7.5e-27	7.5e-27	7.5e-27	7.5e-27
2	9	0	AA/GG/AG	0	0	1	0.0001194	7.246376812e-09	0.0003582	7.246376812e-09
3	9	0	AA/GT/AG	0	0	1	7.246376812e-09	7.246376812e-09	7.246376812e-09	7.246376812e-09
3	9	0	AA/TT/AG	0	0	1	7.246376812e-09	7.246376812e-09	7.246376812e-09	7.246376812e-09
3	9	0	AC/AA/AG	0	0	1	7.5e-07	7.5e-07	7.5e-07	7.5e-07
3	9	0	AC/AC/AG	0	0	1	7.246376812e-09	7.246376812e-09	7.246376812e-09	7.246376812e-09
3	9	0	AC/AG/AG	0	0	1	7.5e-07	7.5e-07	7.5e-07	7.5e-07
4	9	0	AC/AT/AG	0	0	1	7.5e-27	7.5e-27	7.5e-27	7.5e-27
3	9	0	AC/CC/AG	0	0	1	7.246376812e-09	7.246376812e-09	7.246376812e-09	7.246376812e-09
3	9	0	AC/CG/AG	0	0	1	7.246376812e-09	7.246376812e-09	7.246376812e-09	7.246376812e-09
4	9	0	AC/CT/AG	0	0	1	7.5e-27	7.5e-27	7.5e-27	7.5e-27
3	9	0	AC/GG/AG	0	0	1	7.5e-07	7.5e-07	7.5e-07	7.5e-07
4	9	0	AC/GT/AG	0	0	1	7.5e-27	7.5e-27	7.5e-27	7.5e-27
4	9	0	AC/TT/AG	0	0	1	7.5e-27	7.5e-27	7.5e-27	7.5e-27
2	9	0	AG/AA/AG	0	0	1	0.0003582	7.246376812e-09	0.0001194	7.246376812e-09
3	9	0	AG/AC/AG	0	0	1	7.246376812e-09	7.246376812e-09	7.246376812e-09	7.246376812e-09
2	9	0	AG/AG/AG	0	0	1	0.0002388	7.246376812e-09	0.0002388	7.246376812e-09
3	9	0	AG/AT/AG	0	0	1	7.246376812e-09	7.246376812e-09	7.246376812e-09	7.246376812e-09
3	9	0	AG/CC/AG	0	0	1	7.246376812e-09	7.246376812e-09	7.246376812e-09	7.246376812e-09
3	9	0	AG/CG/AG	0	0	1	7.246376812e-09	7.246376812e-09	7.246376812e-09	7.246376812e-09
4	9	0	AG/CT/AG	0	0	1	7.5e-27	7.5e-27	7.5e-27	7.5e-27
2	9	0	AG/GG/AG	0	0	1	0.0001194	7.246376812e-09	0.0003582	7.246376812e-09
3	9	0	AG/GT/AG	0	0	1	7.246376812e-09	7.246376812e-09	7.246376812e-09	7.246376812e-09
3	9	0	AG/TT/AG	0	0	1	7.246376812e-09	7.246376812e-09	7.246376812e-09	7.246376812e-09
3	9	0	AT/AA/AG	0	0	1	7.5e-07	7.5e-07	7.5e-07	7.5e-07
4	9	0	AT/AC/AG	0	0	1	7.5e-27	7.5e-27	7.5e-27	7.5e-27
3	9	0	AT/AG/AG	0	0	1	7.5e-07	7.5e-07	7.5e-07	7.5e-07
3	9	0	AT/AT/AG	0	0	1	7.246376812e-09	7.246376812e-09	7.246376812e-09	7.246376812e-09
4	9	0	AT/CC/AG	0	0	1	7.5e-27	7.5e-27	7.5e-27	7.5e-27
4	9	0	AT/CG/AG	0	0	1	7.5e-27	7.5e-27	7.5e-27	7.5e-27
4	9	0	AT/CT/AG	0	0	1	7.5e-27	7.5e-27	7.5e-27	7.5e-27
3	9	0	AT/GG/AG	0	0	1	7.5e-07	7.5e-07	7.5e-07	7.5e-07
3	9	0	AT/GT/AG	0	0	1	7.246376812e-09	7.246376812e-09	7.246376812e-09	7.246376812e-09
3	9	0	AT/TT/AG	0	0	1	7.246376812e-09	7.246376812e-09	7.246376812e-09	7.246376812e-09
3	9	0	CC/AA/AG	0	0	1	7.5e-07	7.5e-07	7.5e-07	7.5e-07
3	9	0	CC/AC/AG	0	0	1	7.246376812e-09	7.246376812e-09	7.246376812e-09	7.246376812e-09
3	9	0	CC/AG/AG	0	0	1	7.5e-07	7.5e-07	7.5e-07	7.5e-07
4	9	0	CC/AT/AG	0	0	1	7.5e-27	7.5e-27	7.5e-27	7.5e-27
3	9	0	CC/CC/AG	0	0	1	7.246376812e-09	7.246376812e-09	7.246376812e-09	7.246376812e-09
3	9	0	CC/CG/AG	0	0	1	7.246376812e-09	7.246376812e-09	7.246376812e-09	7.246376812e-09
4	9	0	CC/CT/AG	0	0	1	7.5e-27	7.5e-27	7.5e-27	7.5e-27
3	9	0	CC/GG/AG	0	0	1	7.5e-07	7.5e-07	7.5e-07	7.5e-07
4	9	0	CC/GT/AG	0	0	1	7.5e-27	7.5e-27	7.5e-27	7.5e-27
4	9	0	CC/TT/AG	0	0	1	7.5e-27	7.5e-27	7.5e-27	7.5e-27
3	9	0	CG/AA/AG	0	0	1	7.5e-07	7.5e-07	7.5e-07	7.5e-07
3	9	0	CG/AC/AG	0	0	1	7.246376812e-09	7.246376812e-09	7.246376812e-09	7.246376812e-09
3	9	0	CG/AG/AG	0	0	1	7.5e-07	7.5e-07	7.5e-07	7.5e-07
4	9	0	CG/AT/AG	0	0	1	7.5e-27	7.5e-27	7.5e-27	7.5e-27
3	9	0	CG/CC/AG	0	0	1	7.246376812e-09	7.246376812e-09	7.246376812e-09	7.246376812e-09
3	9	0	CG/CG/AG	0	0	1	7.246376812e-09	7.246376812e-09	7.246376812e-09	7.246376812e-09
4	9	0	CG/CT/AG	0	0	1	7.5e-27	7.5e-27	7.5e-27	7.5e-27
3	9	0	CG/GG/AG	0	0	1	7.5e-07	7.5e-07	7.5e-07	7.5e-07
4	9	0	CG/GT/AG	0	0	1	7.5e-27	7.5e-27	7.5e-27	7.5e-27
4	9	0	CG/TT/AG	0	0	1	7.5e-27	7.5e-27	7.5e-27	7.5e-27
4	9	0	CT/AA/AG	0	0	1	7.5e-27	7.5e-27	7.5e-27	7.5e-27
4	9	0	CT/AC/AG	0	0	1	7.5e-27	7.5e-27	7.5e-27	7.5e-27
4	9	0	CT/AG/AG	0	0	1	7.5e-27	7.5e-27	7.5e-27	7.5e-27
4	9	0	CT/AT/AG	0	0	1	7.5e-27	7.5e-27	7.5e-27	7.5e-27
4	9	0	CT/CC/AG	0	0	1	7.5e-27	7.5e-27	7.5e-27	7.5e-27
4	9	0	CT/CG/AG	0	0	1	7.5e-27	7.5e-27	7.5e-27	7.5e-27
4	9	0	CT/CT/AG	0	0	1	7.5e-27	7.5e-27	7.5e-27	7.5e-27
4	9	0	CT/GG/AG	0	0	1	7.5e-27	7.5e-27	7.5e-27	7.5e-27
4	9	0	CT/GT/AG	0	0	1	7.5e-27	7.5e-27	7.5e-27	7.5e-27
4	9	0	CT/TT/AG	0	0	1	7.5e-27	7.5e-27	7.5e-27	7.5e-27
2	9	0	GG/AA/AG	0	0	1	0.0003582	7.246376812e-09	0.0001194	7.246376812e-09
3	9	0	GG/AC/AG	0	0	1	7.246376812e-09	7.246376812e-09	7.246376812e-09	7.246376812e-09
2	9	0	GG/AG/AG	0	0	1	0.0002388	7.246376812e-09	0.0002388	7.246376812e-09
3	9	0	GG/AT/AG	0	0	1	7.246376812e-09	7.246376812e-09	7.246376812e-09	7.246376812e-09
3	9	0	GG/CC/AG	0	0	1	7.246376812e-09	7.246376812e-09	7.246376812e-09	7.246376812e-09
3	9	0	GG/CG/AG	0	0	1	7.246376812e-09	7.246376812e-09	7.246376812e-09	7.246376812e-09
4	9	0	GG/CT/AG	0	0	1	7.5e-27	7.5e-27	7.5e-27	7.5e-27
2	9	0	GG/GG/AG	0	0	1	0.0001194	7.246376812e-09	0.0003582	7.246376812e-09
3	9	0	GG/GT/AG	0	0	1	7.246376812e-09	7.246376812e-09	7.246376812e-09	7.246376812e-09
3	9	0	GG/TT/AG	0	0	1	7.246376812e-09	7.246376812e-09	7.246376812e-09	7.246376812e-09
3	9	0	GT/AA/AG	0	0	1	7.5e-07	7.5e-07	7.5e-07	7.5e-07
4	9	0	GT/AC/AG	0	0	1	7.5e-27	7.5e-27	7.5e-27	7.5e-27
3	9	0	GT/AG/AG	0	0	1	7.5e-07	7.5e-07	7.5e-07	7.5e-07
3	9	0	GT/AT/AG	0	0	1	7.246376812e-09	7.246376812e-09	7.246376812e-09	7.246376812e-09
4	9	0	GT/CC/AG	0	0	1	7.5e-27	7.5e-27	7.5e-27	7.5e-27
4	9	0	GT/CG/AG	0	0	1	7.5e-27	7.5e-27	7.5e-27	7.5e-27
4	9	0	GT/CT/AG	0	0	1	7.5e-27	7.5e-27	7.5e-27	7.5e-27
3	9	0	GT/GG/AG	0	0	1	7.5e-07	7.5e-07	7.5e-07	7.5e-07
3	9	0	GT/GT/AG	0	0	1	7.246376812e-09	7.246376812e-09	7.246376812e-09	7.246376812e-09
3	9	0	GT/TT/AG	0	0	1	7.246376812e-09	7.246376812e-09	7.246376812e-09	7.246376812e-09
3	9	0	TT/AA/AG	0	0	1	7.5e-07	7.5e-07	7.5e-07	7.5e-07
4	9	0	TT/AC/AG	0	0	1	7.5e-27	7.5e-27	7.5e-27	7.5e-27
3	9	0	TT/AG/AG	0	0	1	7.5e-07	7.5e-07	7.5e-07	7.5e-07
3	9	0	TT/AT/AG	0	0	1	7.246376812e-09	7.246376812e-09	7.246376812e-09	7.246376812e-09
4	9	0	TT/CC/AG	0	0	1	7.5e-27	7.5e-27	7.5e-27	7.5e-27
4	9	0	TT/CG/AG	0	0	1	7.5e-27	7.5e-27	7.5e-27	7.5e-27
4	9	0	TT/CT/AG	0	0	1	7.5e-27	7.5e-27	7.5e-27	7.5e-27
3	9	0	TT/GG/AG	0	0	1	7.5e-07	7.5e-07	7.5e-07	7.5e-07
3	9	0	TT/GT/AG	0	0	1	7.246376812e-09	7.246376812e-09	7.246376812e-09	7.246376812e-09
3	9	0	TT/TT/AG	0	0	1	7.246376812e-09	7.246376812e-09	7.246376812e-09	7.246376812e-09
2	9	0	AA/AA/AT	0	0	1	0.0003582	7.246376812e-09	7.246376812e-09	0.0001194
3	9	0	AA/AC/AT	0	0	1	7.246376812e-09	7.246376812e-09	7.246376812e-09	7.246376812e-09
3	9	0	AA/AG/AT	0	0	1	7.246376812e-09	7.246376812e-09	7.246376812e-09	7.246376812e-09
2	9	0	AA/AT/AT	0	0	1	0.0002388	7.246376812e-09	7.246376812e-09	0.0002388
3	9	0	AA/CC/AT	0	0	1	7.246376812e-09	7.246376812e-09	7.246376812e-09	7.246376812e-09
4	9	0	AA/CG/AT	0	0	1	7.5e-27	7.5e-27	7.5e-27	7.5e-27
3	9	0	AA/CT/AT	0	0	1	7.246376812e-09	7.246376812e-09	7.246376812e-09	7.246376812e-09
3	9	0	AA/GG/AT	0	0	1	7.246376812e-09	7.246376812e-09	7.246376812e-09	7.246376812e-09
3	9	0	AA/GT/AT	0	0	1	7.246376812e-09	7.246376812e-09	7.246376812e-09	7.246376812e-09
2	9	0	AA/TT/AT	0	0	1	0.0001194	7.246376812e-09	7.246376812e-09	0.0003582
3	9	0	AC/AA/AT	0	0	1	7.5e-07	7.5e-07	7.5e-07	7.5e-07
3	9	0	AC/AC/AT	0	0	1	7.246376812e-09	7.246376812e-09	7.246376812e-09	7.246376812e-09
4	9	0	AC/AG/AT	0	0	1	7.5e-27	7.5e-27	7.5e-27	7.5e-27
3	9	0	AC/AT/AT	0	0	1	7.5e-07	7.5e-07	7.5e-07	7.5e-07
3	9	0	AC/CC/AT	0	0	1	7.246376812e-09	7.246376812e-09	7.246376812e-09	7.246376812e-09
4	9	0	AC/CG/AT	0	0	1	7.5e-27	7.5e-27	7.5e-27	7.5e-27
3	9	0	AC/CT/AT	0	0	1	7.246376812e-09	7.246376812e-09	7.246376812e-09	7.246376812e-09
4	9	0	AC/GG/AT	0	0	1	7.5e-27	7.5e-27	7.5e-27	7.5e-27
4	9	0	AC/GT/AT	0	0	1	7.5e-27	7.5e-27	7.5e-27	7.5e-27
3	9	0	AC/TT/AT	0	0	1	7.5e-07	7.5e-07	7.5e-07	7.5e-07
3	9	0	AG/AA/AT	0	0	1	7.5e-07	7.5e-07	7.5e-07	7.5e-07
4	9	0	AG/AC/AT	0	0	1	7.5e-27	7.5e-27	7.5e-27	7.5e-27
3	9	0	AG/AG/AT	0	0	1	7.246376812e-09	7.246376812e-09	7.246376812e-09	7.246376812e-09
3	9	0	AG/AT/AT	0	0	1	7.5e-07	7.5e-07	7.5e-07	7.5e-07
4	9	0	AG/CC/AT	0	0	1	7.5e-27	7.5e-27	7.5e-27	7.5e-27
4	9	0	AG/CG/AT	0	0	1	7.5e-27	7.5e-27	7.5e-27	7.5e-27
4	9	0	AG/CT/AT	0	0	1	7.5e-27	7.5e-27	7.5e-27	7.5e-27
3	9	0	AG/GG/AT	0	0	1	7.246376812e-09	7.246376812e-09	7.246376812e-09	7.246376812e-09
3	9	0	AG/GT/AT	0	0	1	7.246376812e-09	7.246376812e-09	7.246376812e-09	7.246376812e-09
3	9	0	AG/TT/AT	0	0	1	7.5e-07	7.5e-07	7.5e-07	7.5e-07
2	9	0	AT/AA/AT	0	0	1	0.0003582	7.246376812e-09	7.246376812e-09	0.0001194
3	9	0	AT/AC/AT	0	0	1	7.246376812e-09	7.246376812e-09	7.246376812e-09	7.246376812e-09
3	9	0	AT/AG/AT	0	0	1	7.246376812e-09	7.246376812e-09	7.246376812e-09	7.246376812e-09
2	9	0	AT/AT/AT	0	0	1	0.0002388	7.246376812e-09	7.246376812e-09	0.0002388
3	9	0	AT/CC/AT	0	0	1	7.246376812e-09	7.246376812e-09	7.246376812e-09	7.246376812e-09
4	9	0	AT/CG/AT	0	0	1	7.5e-27	7.5e-27	7.5e-27	7.5e-27
3	9	0	AT/CT/AT	0	0	1	7.246376812e-09	7.246376812e-09	7.246376812e-09	7.246376812e-09
3	9	0	AT/GG/AT	0	0	1	7.246376812e-09	7.246376812e-09	7.246376812e-09	7.246376812e-09
3	9	0	AT/GT/AT	0	0	1	7.246376812e-09	7.246376812e-09	7.246376812e-09	7.246376812e-09
2	9	0	AT/TT/AT	0	0	1	0.0001194	7.246376812e-09	7.246376812e-09	0.0003582
3	9	0	CC/AA/AT	0	0	1	7.5e-07	7.5e-07	7.5e-07	7.5e-07
3	9	0	CC/AC/AT	0	0	1	7.246376812e-09	7.246376812e-09	7.246376812e-09	7.246376812e-09
4	9	0	CC/AG/AT	0	0	1	7.5e-27	7.5e-27	7.5e-27	7.5e-27
3	9	0	CC/AT/AT	0	0	1	7.5e-07	7.5e-07	7.5e-07	7.5e-07
3	9	0	CC/CC/AT	0	0	1	7.246376812e-09	7.246376812e-09	7.246376812e-09	7.246376812e-09
4	9	0	CC/CG/AT	0	0	1	7.5e-27	7.5e-27	7.5e-27	7.5e-27
3	9	0	CC/CT/AT	0	0	1	7.246376812e-09	7.246376812e-09	7.246376812e-09	7.246376812e-09
4	9	0	CC/GG/AT	0	0	1	7.5e-27	7.5e-27	7.5e-27	7.5e-27
4	9	0	CC/GT/AT	0	0	1	7.5e-27	7.5e-27	7.5e-27	7.5e-27
3	9	0	CC/TT/AT	0	0	1	7.5e-07	7.5e-07	7.5e-07	7.5e-07
4	9	0	CG/AA/AT	0	0	1	7.5e-27	7.5e-27	7.5e-27	7.5e-27
4	9	0	CG/AC/AT	0	0	1	7.5e-27	7.5e-27	7.5e-27	7.5e-27
4	9	0	CG/AG/AT	0	0	1	7.5e-27	7.5e-27	7.5e-27	7.5e-27
4	9	0	CG/AT/AT	0	0	1	7.5e-27	7.5e-27	7.5e-27	7.5e-27
4	9	0	CG/CC/AT	0	0	1	7.5e-27	7.5e-27	7.5e-27	7.5e-27
4	9	0	CG/CG/AT	0	0	1	7.5e-27	7.5e-27	7.5e-27	7.5e-27
4	9	0	CG/CT/AT	0	0	1	7.5e-27	7.5e-27	7.5e-27	7.5e-27
4	9	0	CG/GG/AT	0	0	1	7.5e-27	7.5e-27	7.5e-27	7.5e-27
4	9	0	CG/GT/AT	0	0	1	7.5e-27	7.5e-27	7.5e-27	7.5e-27
4	9	0	CG/TT/AT	0	0	1	7.5e-27	7.5e-27	7.5e-27	7.5e-27
3	9	0	CT/AA/AT	0	0	1	7.5e-07	7.5e-07	7.5e-07	7.5e-07
3	9	0	CT/AC/AT	0	0	1	7.246376812e-09	7.246376812e-09	7.246376812e-09	7.246376812e-09
4	9	0	CT/AG/AT	0	0	1	7.5e-27	7.5e-27	7.5e-27	7.5e-27
3	9	0	CT/AT/AT	0	0	1	7.5e-07	7.5e-07	7.5e-07	7.5e-07
3	9	0	CT/CC/AT	0	0	1	7.246376812e-09	7.246376812e-09	7.246376812e-09	7.246376812e-09
4	9	0	CT/CG/AT	0	0	1	7.5e-27	7.5e-27	7.5e-27	7.5e-27
3	9	0	CT/CT/AT	0	0	1	7.246376812e-09	7.246376812e-09	7.246376812e-09	7.246376812e-09
4	9	0	CT/GG/AT	0	0	1	7.5e-27	7.5e-27	7.5e-27	7.5e-27
4	9	0	CT/GT/AT	0	0	1	7.5e-27	7.5e-27	7.5e-27	7.5e-27
3	9	0	CT/TT/AT	0	0	1	7.5e-07	7.5e-07	7.5e-07	7.5e-07
3	9	0	GG/AA/AT	0	0	1	7.5e-07	7.5e-07	7.5e-07	7.5e-07
4	9	0	GG/AC/AT	0	0	1	7.5e-27	7.5e-27	7.5e-27	7.5e-27
3	9	0	GG/AG/AT	0	0	1	7.246376812e-09	7.246376812e-09	7.246376812e-09	7.246376812e-09
3	9	0	GG/AT/AT	0	0	1	7.5e-07	7.5e-07	7.5e-07	7.5e-07
4	9	0	GG/CC/AT	0	0	1	7.5e-27	7.5e-27	7.5e-27	7.5e-27
4	9	0	GG/CG/AT	0	0	1	7.5e-27	7.5e-27	7.5e-27	7.5e-27
4	9	0	GG/CT/AT	0	0	1	7.5e-27	7.5e-27	7.5e-27	7.5e-27
3	9	0	GG/GG/AT	0	0	1	7.246376812e-09	7.246376812e-09	7.246376812e-09	7.246376812e-09
3	9	0	GG/GT/AT	0	0	1	7.246376812e-09	7.246376812e-09	7.246376812e-09	7.246376812e-09
3	9	0	GG/TT/AT	0	0	1	7.5e-07	7.5e-07	7.5e-07	7.5e-07
3	9	0	GT/AA/AT	0	0	1	7.5e-07	7.5e-07	7.5e-07	7.5e-07
4	9	0	GT/AC/AT	0	0	1	7.5e-27	7.5e-27	7.5e-27	7.5e-27
3	9	0	GT/AG/AT	0	0	1	7.246376812e-09	7.246376812e-09	7.246376812e-09	7.246376812e-09
3	9	0	GT/AT/AT	0	0	1	7.5e-07	7.5e-07	7.5e-07	7.5e-07
4	9	0	GT/CC/AT	0	0	1	7.5e-27	7.5e-27	7.5e-27	7.5e-27
4	9	0	GT/CG/AT	0	0	1	7.5e-27	7.5e-27	7.5e-27	7.5e-27
4	9	0	GT/CT/AT	0	0	1	7.5e-27	7.5e-27	7.5e-27	7.5e-27
3	9	0	GT/GG/AT	0	0	1	7.246376812e-09	7.246376812e-09	7.246376812e-09	7.246376812e-09
3	9	0	GT/GT/AT	0	0	1	7.246376812e-09	7.246376812e-09	7.246376812e-09	7.246376812e-09
3	9	0	GT/TT/AT	0	0	1	7.5e-07	7.5e-07	7.5e-07	7.5e-07
2	9	0	TT/AA/AT	0	0	1	0.0003582	7.246376812e-09	7.246376812e-09	0.0001194
3	9	0	TT/AC/AT	0	0	1	7.246376812e-09	7.246376812e-09	7.246376812e-09	7.246376812e-09
3	9	0	TT/AG/AT	0	0	1	7.246376812e-09	7.246376812e-09	7.246376812e-09	7.246376812e-09
2	9	0	TT/AT/AT	0	0	1	0.0002388	7.246376812e-09	7.246376812e-09	0.0002388
3	9	0	TT/CC/AT	0	0	1	7.246376812e-09	7.246376812e-09	7.246376812e-09	7.246376812e-09
4	9	0	TT/CG/AT	0	0	1	7.5e-27	7.5e-27	7.5e-27	7.5e-27
3	9	0	TT/CT/AT	0	0	1	7.246376812e-09	7.246376812e-09	7.246376812e-09	7.246376812e-09
3	9	0	TT/GG/AT	0	0	1	7.246376812e-09	7.246376812e-09	7.246376812e-09	7.246376812e-09
3	9	0	TT/GT/AT	0	0	1	7.246376812e-09	7.246376812e-09	7.246376812e-09	7.246376812e-09
2	9	0	TT/TT/AT	0	0	1	0.0001194	7.246376812e-09	7.246376812e-09	0.0003582
2	2	1	AA/AA/CC	0.99999999	0	1	5.97e-05	5.97e-05	7.246376812e-09	7.246376812e-09
2	2	1	AA/AC/CC	0.99999999	0	1	0.0001194	0.0003582	7.246376812e-09	7.246376812e-09
3	9	0	AA/AG/CC	0	0	1	7.246376812e-09	7.246376812e-09	7.246376812e-09	7.246376812e-09
3	9	0	AA/AT/CC	0	0	1	7.246376812e-09	7.246376812e-09	7.246376812e-09	7.246376812e-09
2	3	1	AA/CC/CC	1e-08	1	0	0.0001791	0.7447575	0.0001791	0.0001791
3	9	0	AA/CG/CC	0	0	1	7.5e-07	7.5e-07	7.5e-07	7.5e-07
3	9	0	AA/CT/CC	0	0	1	7.5e-07	7.5e-07	7.5e-07	7.5e-07
3	9	0	AA/GG/CC	0	0	1	7.5e-07	7.5e-07	7.5e-07	7.5e-07
4	9	0	AA/GT/CC	0	0	1	7.5e-27	7.5e-27	7.5e-27	7.5e-27
3	9	0	AA/TT/CC	0	0	1	7.5e-07	7.5e-07	7.5e-07	7.5e-07
2	9	0	AC/AA/CC	0	0	1	5.97e-05	5.97e-05	7.246376812e-09	7.246376812e-09
2	9	0	AC/AC/CC	0	0	1	0.0001194	0.0003582	7.246376812e-09	7.246376812e-09
3	9	0	AC/AG/CC	0	0	1	7.246376812e-09	7.246376812e-09	7.246376812e-09	7.246376812e-09
3	9	0	AC/AT/CC	0	0	1	7.246376812e-09	7.246376812e-09	7.246376812e-09	7.246376812e-09
2	9	0	AC/CC/CC	0	0	1	0.0001791	0.7447575	0.0001791	0.0001791
3	9	0	AC/CG/CC	0	0	1	7.5e-07	7.5e-07	7.5e-07	7.5e-07
3	9	0	AC/CT/CC	0	0	1	7.5e-07	7.5e-07	7.5e-07	7.5e-07
3	9	0	AC/GG/CC	0	0	1	7.5e-07	7.5e-07	7.5e-07	7.5e-07
4	9	0	AC/GT/CC	0	0	1	7.5e-27	7.5e-27	7.5e-27	7.5e-27
3	9	0	AC/TT/CC	0	0	1	7.5e-07	7.5e-07	7.5e-07	7.5e-07
3	9	0	AG/AA/CC	0	0	1	7.5e-07	7.5e-07	7.5e-07	7.5e-07
3	9	0	AG/AC/CC	0	0	1	7.5e-07	7.5e-07	7.5e-07	7.5e-07
3	9	0	AG/AG/CC	0	0	1	7.246376812e-09	7.246376812e-09	7.246376812e-09	7.246376812e-09
4	9	0	AG/AT/CC	0	0	1	7.5e-27	7.5e-27	7.5e-27	7.5e-27
3	9	0	AG/CC/CC	0	0	1	7.5e-07	7.5e-07	7.5e-07	7.5e-07
3	9	0	AG/CG/CC	0	0	1	7.5e-07	7.5e-07	7.5e-07	7.5e-07
4	9	0	AG/CT/CC	0	0	1	7.5e-27	7.5e-27	7.5e-27	7.5e-27
3	9	0	AG/GG/CC	0	0	1	7.5e-07	7.5e-07	7.5e-07	7.5e-07
4	9	0	AG/GT/CC	0	0	1	7.5e-27	7.5e-27	7.5e-27	7.5e-27
4	9	0	AG/TT/CC	0	0	1	7.5e-27	7.5e-27	7.5e-27	7.5e-27
3	9	0	AT/AA/CC	0	0	1	7.5e-07	7.5e-07	7.5e-07	7.5e-07
3	9	0	AT/AC/CC	0	0	1	7.5e-07	7.5e-07	7.5e-07	7.5e-07
4	9	0	AT/AG/CC	0	0	1	7.5e-27	7.5e-27	7.5e-27	7.5e-27
3	9	0	AT/AT/CC	0	0	1	7.246376812e-09	7.246376812e-09	7.246376812e-09	7.246376812e-09
3	9	0	AT/CC/CC	0	0	1	7.5e-07	7.5e-07	7.5e-07	7.5e-07
4	9	0	AT/CG/CC	0	0	1	7.5e-27	7.5e-27	7.5e-27	7.5e-27
3	9	0	AT/CT/CC	0	0	1	7.5e-07	7.5e-07	7.5e-07	7.5e-07
4	9	0	AT/GG/CC	0	0	1	7.5e-27	7.5e-27	7.5e-27	7.5e-27
4	9	0	AT/GT/CC	0	0	1	7.5e-27	7.5e-27	7.5e-27	7.5e-27
3	9	0	AT/TT/CC	0	0	1	7.5e-07	7.5e-07	7.5e-07	7.5e-07
2	5	1	CC/AA/CC	1e-08	1	0	5.97e-05	5.97e-05	7.246376812e-09	7.246376812e-09
2	8	0.5	CC/AC/CC	0.99999999	0	1	0.0001194	0.0003582	7.246376812e-09	7.246376812e-09
3	9	0	CC/AG/CC	0	0	1	7.246376812e-09	7.246376812e-09	7.246376812e-09	7.246376812e-09
3	9	0	CC/AT/CC	0	0	1	7.246376812e-09	7.246376812e-09	7.246376812e-09	7.246376812e-09
1	6	1	CC/CC/CC	0.99999999	0	1	0.0001791	0.7447575	0.0001791	0.0001791
2	8	0.5	CC/CG/CC	0.99999999	0	1	7.246376812e-09	0.0003582	0.0001194	7.246376812e-09
2	8	0.5	CC/CT/CC	0.99999999	0	1	7.246376812e-09	0.0003582	7.246376812e-09	0.0001194
2	5	1	CC/GG/CC	1e-08	1	0	7.246376812e-09	5.97e-05	5.97e-05	7.246376812e-09
3	9	0	CC/GT/CC	0	0	1	7.246376812e-09	7.246376812e-09	7.246376812e-09	7.246376812e-09
2	4	1	CC/TT/CC	1e-08	1	0	7.246376812e-09	5.97e-05	7.246376812e-09	5.97e-05
3	9	0	CG/AA/CC	0	0	1	7.5e-07	7.5e-07	7.5e-07	7.5e-07
3	9	0	CG/AC/CC	0	0	1	7.5e-07	7.5e-07	7.5e-07	7.5e-07
3	9	0	CG/AG/CC	0	0	1	7.246376812e-09	7.246376812e-09	7.246376812e-09	7.246376812e-09
4	9	0	CG/AT/CC	0	0	1	7.5e-27	7.5e-27	7.5e-27	7.5e-27
2	9	0	CG/CC/CC	0	0	1	0.0001791	0.7447575	0.0001791	0.0001791
2	9	0	CG/CG/CC	0	0	1	7.246376812e-09	0.0003582	0.0001194	7.246376812e-09
3	9	0	CG/CT/CC	0	0	1	7.5e-07	7.5e-07	7.5e-07	7.5e-07
2	9	0	CG/GG/CC	0	0	1	7.246376812e-09	5.97e-05	5.97e-05	7.246376812e-09
3	9	0	CG/GT/CC	0	0	1	7.246376812e-09	7.246376812e-09	7.246376812e-09	7.246376812e-09
3	9	0	CG/TT/CC	0	0	1	7.5e-07	7.5e-07	7.5e-07	7.5e-07
3	9	0	CT/AA/CC	0	0	1	7.5e-07	7.5e-07	7.5e-07	7.5e-07
3	9	0	CT/AC/CC	0	0	1	7.5e-07	7.5e-07	7.5e-07	7.5e-07
4	9	0	CT/AG/CC	0	0	1	7.5e-27	7.5e-27	7.5e-27	7.5e-27
3	9	0	CT/AT/CC	0	0	1	7.246376812e-09	7.246376812e-09	7.246376812e-09	7.246376812e-09
2	9	0	CT/CC/CC	0	0	1	0.0001791	0.7447575	0.0001791	0.0001791
3	9	0	CT/CG/CC	0	0	1	7.5e-07	7.5e-07	7.5e-07	7.5e-07
2	9	0	CT/CT/CC	0	0	1	7.246376812e-09	0.0003582	7.246376812e-09	0.0001194
3	9	0	CT/GG/CC	0	0	1	7.5e-07	7.5e-07	7.5e-07	7.5e-07
3	9	0	CT/GT/CC	0	0	1	7.246376812e-09	7.246376812e-09	7.246376812e-09	7.246376812e-09
2	9	0	CT/TT/CC	0	0	1	7.246376812e-09	5.97e-05	7.246376812e-09	5.97e-05
3	9	0	GG/AA/CC	0	0	1	7.5e-07	7.5e-07	7.5e-07	7.5e-07
3	9	0	GG/AC/CC	0	0	1	7.5e-07	7.5e-07	7.5e-07	7.5e-07
3	9	0	GG/AG/CC	0	0	1	7.246376812e-09	7.246376812e-09	7.246376812e-09	7.246376812e-09
4	9	0	GG/AT/CC	0	0	1	7.5e-27	7.5e-27	7.5e-27	7.5e-27
2	3	1	GG/CC/CC	1e-08	1	0	0.0001791	0.7447575	0.0001791	0.0001791
2	2	1	GG/CG/CC	0.99999999	0	1	7.246376812e-09	0.0003582	0.0001194	7.246376812e-09
3	9	0	GG/CT/CC	0	0	1	7.5e-07	7.5e-07	7.5e-07	7.5e-07
2	2	1	GG/GG/CC	0.99999999	0	1	7.246376812e-09	5.97e-05	5.97e-05	7.246376812e-09
3	9	0	GG/GT/CC	0	0	1	7.246376812e-09	7.246376812e-09	7.246376812e-09	7.246376812e-09
3	9	0	GG/TT/CC	0	0	1	7.5e-07	7.5e-07	7.5e-07	7.5e-07
4	9	0	GT/AA/CC	0	0	1	7.5e-27	7.5e-27	7.5e-27	7.5e-27
4	9	0	GT/AC/CC	0	0	1	7.5e-27	7.5e-27	7.5e-27	7.5e-27
4	9	0	GT/AG/CC	0	0	1	7.5e-27	7.5e-27	7.5e-27	7.5e-27
4	9	0	GT/AT/CC	0	0	1	7.5e-27	7.5e-27	7.5e-27	7.5e-27
3	9	0	GT/CC/CC	0	0	1	7.5e-07	7.5e-07	7.5e-07	7.5e-07
3	9	0	GT/CG/CC	0	0	1	7.5e-07	7.5e-07	7.5e-07	7.5e-07
3	9	0	GT/CT/CC	0	0	1	7.5e-07	7.5e-07	7.5e-07	7.5e-07
3	9	0	GT/GG/CC	0	0	1	7.5e-07	7.5e-07	7.5e-07	7.5e-07
3	9	0	GT/GT/CC	0	0	1	7.246376812e-09	7.246376812e-09	7.246376812e-09	7.246376812e-09
3	9	0	GT/TT/CC	0	0	1	7.5e-07	7.5e-07	7.5e-07	7.5e-07
3	9	0	TT/AA/CC	0	0	1	7.5e-07	7.5e-07	7.5e-07	7.5e-07
3	9	0	TT/AC/CC	0	0	1	7.5e-07	7.5e-07	7.5e-07	7.5e-07
4	9	0	TT/AG/CC	0	0	1	7.5e-27	7.5e-27	7.5e-27	7.5e-27
3	9	0	TT/AT/CC	0	0	1	7.246376812e-09	7.246376812e-09	7.246376812e-09	7.246376812e-09
2	3	1	TT/CC/CC	1e-08	1	0	0.0001791	0.7447575	0.0001791	0.0001791
3	9	0	TT/CG/CC	0	0	1	7.5e-07	7.5e-07	7.5e-07	7.5e-07
2	2	1	TT/CT/CC	0.99999999	0	1	7.246376812e-09	0.0003582	7.246376812e-09	0.0001194
3	9	0	TT/GG/CC	0	0	1	7.5e-07	7.5e-07	7.5e-07	7.5e-07
3	9	0	TT/GT/CC	0	0	1	7.246376812e-09	7.246376812e-09	7.246376812e-09	7.246376812e-09
2	2	1	TT/TT/CC	0.99999999	0	1	7.246376812e-09	5.97e-05	7.246376812e-09	5.97e-05
3	9	0	AA/AA/CG	0	0	1	7.246376812e-09	7.246376812e-09	7.246376812e-09	7.246376812e-09
3	9	0	AA/AC/CG	0	0	1	7.246376812e-09	7.246376812e-09	7.246376812e-09	7.246376812e-09
3	9	0	AA/AG/CG	0	0	1	7.246376812e-09	7.246376812e-09	7.246376812e-09	7.246376812e-09
4	9	0	AA/AT/CG	0	0	1	7.5e-27	7.5e-27	7.5e-27	7.5e-27
3	9	0	AA/CC/CG	0	0	1	7.5e-07	7.5e-07	7.5e-07	7.5e-07
3	9	0	AA/CG/CG	0	0	1	7.5e-07	7.5e-07	7.5e-07	7.5e-07
4	9	0	AA/CT/CG	0	0	1	7.5e-27	7.5e-27	7.5e-27	7.5e-27
3	9	0	AA/GG/CG	0	0	1	7.5e-07	7.5e-07	7.5e-07	7.5e-07
4	9	0	AA/GT/CG	0	0	1	7.5e-27	7.5e-27	7.5e-27	7.5e-27
4	9	0	AA/TT/CG	0	0	1	7.5e-27	7.5e-27	7.5e-27	7.5e-27
3	9	0	AC/AA/CG	0	0	1	7.246376812e-09	7.246376812e-09	7.246376812e-09	7.246376812e-09
3	9	0	AC/AC/CG	0	0	1	7.246376812e-09	7.246376812e-09	7.246376812e-09	7.246376812e-09
3	9	0	AC/AG/CG	0	0	1	7.246376812e-09	7.246376812e-09	7.246376812e-09	7.246376812e-09
4	9	0	AC/AT/CG	0	0	1	7.5e-27	7.5e-27	7.5e-27	7.5e-27
3	9	0	AC/CC/CG	0	0	1	7.5e-07	7.5e-07	7.5e-07	7.5e-07
3	9	0	AC/CG/CG	0	0	1	7.5e-07	7.5e-07	7.5e-07	7.5e-07
4	9	0	AC/CT/CG	0	0	1	7.5e-27	7.5e-27	7.5e-27	7.5e-27
3	9	0	AC/GG/CG	0	0	1	7.5e-07	7.5e-07	7.5e-07	7.5e-07
4	9	0	AC/GT/CG	0	0	1	7.5e-27	7.5e-27	7.5e-27	7.5e-27
4	9	0	AC/TT/CG	0	0	1	7.5e-27	7.5e-27	7.5e-27	7.5e-27
3	9	0	AG/AA/CG	0	0	1	7.246376812e-09	7.246376812e-09	7.246376812e-09	7.246376812e-09
3	9	0	AG/AC/CG	0	0	1	7.246376812e-09	7.246376812e-09	7.246376812e-09	7.246376812e-09
3	9	0	AG/AG/CG	0	0	1	7.246376812e-09	7.246376812e-09	7.246376812e-09	7.246376812e-09
4	9	0	AG/AT/CG	0	0	1	7.5e-27	7.5e-27	7.5e-27	7.5e-27
3	9	0	AG/CC/CG	0	0	1	7.5e-07	7.5e-07	7.5e-07	7.5e-07
3	9	0	AG/CG/CG	0	0	1	7.5e-07	7.5e-07	7.5e-07	7.5e-07
4	9	0	AG/CT/CG	0	0	1	7.5e-27	7.5e-27	7.5e-27	7.5e-27
3	9	0	AG/GG/CG	0	0	1	7.5e-07	7.5e-07	7.5e-07	7.5e-07
4	9	0	AG/GT/CG	0	0	1	7.5e-27	7.5e-27	7.5e-27	7.5e-27
4	9	0	AG/TT/CG	0	0	1	7.5e-27	7.5e-27	7.5e-27	7.5e-27
4	9	0	AT/AA/CG	0	0	1	7.5e-27	7.5e-27	7.5e-27	7.5e-27
4	9	0	AT/AC/CG	0	0	1	7.5e-27	7.5e-27	7.5e-27	7.5e-27
4	9	0	AT/AG/CG	0	0	1	7.5e-27	7.5e-27	7.5e-27	7.5e-27
4	9	0	AT/AT/CG	0	0	1	7.5e-27	7.5e-27	7.5e-27	7.5e-27
4	9	0	AT/CC/CG	0	0	1	7.5e-27	7.5e-27	7.5e-27	7.5e-27
4	9	0	AT/CG/CG	0	0	1	7.5e-27	7.5e-27	7.5e-27	7.5e-27
4	9	0	AT/CT/CG	0	0	1	7.5e-27	7.5e-27	7.5e-27	7.5e-27
4	9	0	AT/GG/CG	0	0	1	7.5e-27	7.5e-27	7.5e-27	7.5e-27
4	9	0	AT/GT/CG	0	0	1	7.5e-27	7.5e-27	7.5e-27	7.5e-27
4	9	0	AT/TT/CG	0	0	1	7.5e-27	7.5e-27	7.5e-27	7.5e-27
3	9	0	CC/AA/CG	0	0	1	7.246376812e-09	7.246376812e-09	7.246376812e-09	7.246376812e-09
3	9	0	CC/AC/CG	0	0	1	7.246376812e-09	7.246376812e-09	7.246376812e-09	7.246376812e-09
3	9	0	CC/AG/CG	0	0	1	7.246376812e-09	7.246376812e-09	7.246376812e-09	7.246376812e-09
4	9	0	CC/AT/CG	0	0	1	7.5e-27	7.5e-27	7.5e-27	7.5e-27
2	9	0	CC/CC/CG	0	0	1	7.246376812e-09	0.0003582	0.0001194	7.246376812e-09
2	9	0	CC/CG/CG	0	0	1	7.246376812e-09	0.0002388	0.0002388	7.246376812e-09
3	9	0	CC/CT/CG	0	0	1	7.246376812e-09	7.246376812e-09	7.246376812e-09	7.246376812e-09
2	9	0	CC/GG/CG	0	0	1	7.246376812e-09	0.0001194	0.0003582	7.246376812e-09
3	9	0	CC/GT/CG	0	0	1	7.246376812e-09	7.246376812e-09	7.246376812e-09	7.246376812e-09
3	9	0	CC/TT/CG	0	0	1	7.246376812e-09	7.246376812e-09	7.246376812e-09	7.246376812e-09
3	9	0	CG/AA/CG	0	0	1	7.246376812e-09	7.246376812e-09	7.246376812e-09	7.246376812e-09
3	9	0	CG/AC/CG	0	0	1	7.246376812e-09	7.246376812e-09	7.246376812e-09	7.246376812e-09
3	9	0	CG/AG/CG	0	0	1	7.246376812e-09	7.246376812e-09	7.246376812e-09	7.246376812e-09
4	9	0	CG/AT/CG	0	0	1	7.5e-27	7.5e-27	7.5e-27	7.5e-27
2	9	0	CG/CC/CG	0	0	1	7.246376812e-09	0.0003582	0.0001194	7.246376812e-09
2	9	0	CG/CG/CG	0	0	1	7.246376812e-09	0.0002388	0.0002388	7.246376812e-09
3	9	0	CG/CT/CG	0	0	1	7.246376812e-09	7.246376812e-09	7.246376812e-09	7.246376812e-09
2	9	0	CG/GG/CG	0	0	1	7.246376812e-09	0.0001194	0.0003582	7.246376812e-09
3	9	0	CG/GT/CG	0	0	1	7.246376812e-09	7.246376812e-09	7.246376812e-09	7.246376812e-09
3	9	0	CG/TT/CG	0	0	1	7.246376812e-09	7.246376812e-09	7.246376812e-09	7.246376812e-09
4	9	0	CT/AA/CG	0	0	1	7.5e-27	7.5e-27	7.5e-27	7.5e-27
4	9	0	CT/AC/CG	0	0	1	7.5e-27	7.5e-27	7.5e-27	7.5e-27
4	9	0	CT/AG/CG	0	0	1	7.5e-27	7.5e-27	7.5e-27	7.5e-27
4	9	0	CT/AT/CG	0	0	1	7.5e-27	7.5e-27	7.5e-27	7.5e-27
3	9	0	CT/CC/CG	0	0	1	7.5e-07	7.5e-07	7.5e-07	7.5e-07
3	9	0	CT/CG/CG	0	0	1	7.5e-07	7.5e-07	7.5e-07	7.5e-07
3	9	0	CT/CT/CG	0	0	1	7.246376812e-09	7.246376812e-09	7.246376812e-09	7.246376812e-09
3	9	0	CT/GG/CG	0	0	1	7.5e-07	7.5e-07	7.5e-07	7.5e-07
3	9	0	CT/GT/CG	0	0	1	7.246376812e-09	7.246376812e-09	7.246376812e-09	7.246376812e-09
3	9	0	CT/TT/CG	0	0	1	7.246376812e-09	7.246376812e-09	7.246376812e-09	7.246376812e-09
3	9	0	GG/AA/CG	0	0	1	7.246376812e-09	7.246376812e-09	7.246376812e-09	7.246376812e-09
3	9	0	GG/AC/CG	0	0	1	7.246376812e-09	7.246376812e-09	7.246376812e-09	7.246376812e-09
3	9	0	GG/AG/CG	0	0	1	7.246376812e-09	7.246376812e-09	7.246376812e-09	7.246376812e-09
4	9	0	GG/AT/CG	0	0	1	7.5e-27	7.5e-27	7.5e-27	7.5e-27
2	9	0	GG/CC/CG	0	0	1	7.246376812e-09	0.0003582	0.0001194	7.246376812e-09
2	9	0	GG/CG/CG	0	0	1	7.246376812e-09	0.0002388	0.0002388	7.246376812e-09
3	9	0	GG/CT/CG	0	0	1	7.246376812e-09	7.246376812e-09	7.246376812e-09	7.246376812e-09
2	9	0	GG/GG/CG	0	0	1	7.246376812e-09	0.0001194	0.0003582	7.246376812e-09
3	9	0	GG/GT/CG	0	0	1	7.246376812e-09	7.246376812e-09	7.246376812e-09	7.246376812e-09
3	9	0	GG/TT/CG	0	0	1	7.246376812e-09	7.246376812e-09	7.246376812e-09	7.246376812e-09
4	9	0	GT/AA/CG	0	0	1	7.5e-27	7.5e-27	7.5e-27	7.5e-27
4	9	0	GT/AC/CG	0	0	1	7.5e-27	7.5e-27	7.5e-27	7.5e-27
4	9	0	GT/AG/CG	0	0	1	7.5e-27	7.5e-27	7.5e-27	7.5e-27
4	9	0	GT/AT/CG	0	0	1	7.5e-27	7.5e-27	7.5e-27	7.5e-27
3	9	0	GT/CC/CG	0	0	1	7.5e-07	7.5e-07	7.5e-07	7.5e-07
3	9	0	GT/CG/CG	0	0	1	7.5e-07	7.5e-07	7.5e-07	7.5e-07
3	9	0	GT/CT/CG	0	0	1	7.246376812e-09	7.246376812e-09	7.246376812e-09	7.246376812e-09
3	9	0	GT/GG/CG	0	0	1	7.5e-07	7.5e-07	7.5e-07	7.5e-07
3	9	0	GT/GT/CG	0	0	1	7.246376812e-09	7.246376812e-09	7.246376812e-09	7.246376812e-09
3	9	0	GT/TT/CG	0	0	1	7.246376812e-09	7.246376812e-09	7.246376812e-09	7.246376812e-09
4	9	0	TT/AA/CG	0	0	1	7.5e-27	7.5e-27	7.5e-27	7.5e-27
4	9	0	TT/AC/CG	0	0	1	7.5e-27	7.5e-27	7.5e-27	7.5e-27
4	9	0	TT/AG/CG	0	0	1	7.5e-27	7.5e-27	7.5e-27	7.5e-27
4	9	0	TT/AT/CG	0	0	1	7.5e-27	7.5e-27	7.5e-27	7.5e-27
3	9	0	TT/CC/CG	0	0	1	7.5e-07	7.5e-07	7.5e-07	7.5e-07
3	9	0	TT/CG/CG	0	0	1	7.5e-07	7.5e-07	7.5e-07	7.5e-07
3	9	0	TT/CT/CG	0	0	1	7.246376812e-09	7.246376812e-09	7.246376812e-09	7.246376812e-09
3	9	0	TT/GG/CG	0	0	1	7.5e-07	7.5e-07	7.5e-07	7.5e-07
3	9	0	TT/GT/CG	0	0	1	7.246376812e-09	7.246376812e-09	7.246376812e-09	7.246376812e-09
3	9	0	TT/TT/CG	0	0	1	7.246376812e-09	7.246376812e-09	7.246376812e-09	7.246376812e-09
3	9	0	AA/AA/CT	0	0	1	7.246376812e-09	7.246376812e-09	7.246376812e-09	7.246376812e-09
3	9	0	AA/AC/CT	0	0	1	7.246376812e-09	7.246376812e-09	7.246376812e-09	7.246376812e-09
4	9	0	AA/AG/CT	0	0	1	7.5e-27	7.5e-27	7.5e-27	7.5e-27
3	9	0	AA/AT/CT	0	0	1	7.246376812e-09	7.246376812e-09	7.246376812e-09	7.246376812e-09
3	9	0	AA/CC/CT	0	0	1	7.5e-07	7.5e-07	7.5e-07	7.5e-07
4	9	0	AA/CG/CT	0	0	1	7.5e-27	7.5e-27	7.5e-27	7.5e-27
3	9	0	AA/CT/CT	0	0	1	7.5e-07	7.5e-07	7.5e-07	7.5e-07
4	9	0	AA/GG/CT	0	0	1	7.5e-27	7.5e-27	7.5e-27	7.5e-27
4	9	0	AA/GT/CT	0	0	1	7.5e-27	7.5e-27	7.5e-27	7.5e-27
3	9	0	AA/TT/CT	0	0	1	7.5e-07	7.5e-07	7.5e-07	7.5e-07
3	9	0	AC/AA/CT	0	0	1	7.246376812e-09	7.246376812e-09	7.246376812e-09	7.246376812e-09
3	9	0	AC/AC/CT	0	0	1	7.246376812e-09	7.246376812e-09	7.246376812e-09	7.246376812e-09
4	9	0	AC/AG/CT	0	0	1	7.5e-27	7.5e-27	7.5e-27	7.5e-27
3	9	0	AC/AT/CT	0	0	1	7.246376812e-09	7.246376812e-09	7.246376812e-09	7.246376812e-09
3	9	0	AC/CC/CT	0	0	1	7.5e-07	7.5e-07	7.5e-07	7.5e-07
4	9	0	AC/CG/CT	0	0	1	7.5e-27	7.5e-27	7.5e-27	7.5e-27
3	9	0	AC/CT/CT	0	0	1	7.5e-07	7.5e-07	7.5e-07	7.5e-07
4	9	0	AC/GG/CT	0	0	1	7.5e-27	7.5e-27	7.5e-27	7.5e-27
4	9	0	AC/GT/CT	0	0	1	7.5e-27	7.5e-27	7.5e-27	7.5e-27
3	9	0	AC/TT/CT	0	0	1	7.5e-07	7.5e-07	7.5e-07	7.5e-07
4	9	0	AG/AA/CT	0	0	1	7.5e-27	7.5e-27	7.5e-27	7.5e-27
4	9	0	AG/AC/CT	0	0	1	7.5e-27	7.5e-27	7.5e-27	7.5e-27
4	9	0	AG/AG/CT	0	0	1	7.5e-27	7.5e-27	7.5e-27	7.5e-27
4	9	0	AG/AT/CT	0	0	1	7.5e-27	7.5e-27	7.5e-27	7.5e-27
4	9	0	AG/CC/CT	0	0	1	7.5e-27	7.5e-27	7.5e-27	7.5e-27
4	9	0	AG/CG/CT	0	0	1	7.5e-27	7.5e-27	7.5e-27	7.5e-27
4	9	0	AG/CT/CT	0	0	1	7.5e-27	7.5e-27	7.5e-27	7.5e-27
4	9	0	AG/GG/CT	0	0	1	7.5e-27	7.5e-27	7.5e-27	7.5e-27
4	9	0	AG/GT/CT	0	0	1	7.5e-27	7.5e-27	7.5e-27	7.5e-27
4	9	0	AG/TT/CT	0	0	1	7.5e-27	7.5e-27	7.5e-27	7.5e-27
3	9	0	AT/AA/CT	0	0	1	7.246376812e-09	7.246376812e-09	7.246376812e-09	7.246376812e-09
3	9	0	AT/AC/CT	0	0	1	7.246376812e-09	7.246376812e-09	7.246376812e-09	7.246376812e-09
4	9	0	AT/AG/CT	0	0	1	7.5e-27	7.5e-27	7.5e-27	7.5e-27
3	9	0	AT/AT/CT	0	0	1	7.246376812e-09	7.246376812e-09	7.246376812e-09	7.246376812e-09
3	9	0	AT/CC/CT	0	0	1	7.5e-07	7.5e-07	7.5e-07	7.5e-07
4	9	0	AT/CG/CT	0	0	1	7.5e-27	7.5e-27	7.5e-27	7.5e-27
3	9	0	AT/CT/CT	0	0	1	7.5e-07	7.5e-07	7.5e-07	7.5e-07
4	9	0	AT/GG/CT	0	0	1	7.5e-27	7.5e-27	7.5e-27	7.5e-27
4	9	0	AT/GT/CT	0	0	1	7.5e-27	7.5e-27	7.5e-27	7.5e-27
3	9	0	AT/TT/CT	0	0	1	7.5e-07	7.5e-07	7.5e-07	7.5e-07
3	9	0	CC/AA/CT	0	0	1	7.246376812e-09	7.246376812e-09	7.246376812e-09	7.246376812e-09
3	9	0	CC/AC/CT	0	0	1	7.246376812e-09	7.246376812e-09	7.246376812e-09	7.246376812e-09
4	9	0	CC/AG/CT	0	0	1	7.5e-27	7.5e-27	7.5e-27	7.5e-27
3	9	0	CC/AT/CT	0	0	1	7.246376812e-09	7.246376812e-09	7.246376812e-09	7.246376812e-09
2	9	0	CC/CC/CT	0	0	1	7.246376812e-09	0.0003582	7.246376812e-09	0.0001194
3	9	0	CC/CG/CT	0	0	1	7.246376812e-09	7.246376812e-09	7.246376812e-09	7.246376812e-09
2	9	0	CC/CT/CT	0	0	1	7.246376812e-09	0.0002388	7.246376812e-09	0.0002388
3	9	0	CC/GG/CT	0	0	1	7.246376812e-09	7.246376812e-09	7.246376812e-09	7.246376812e-09
3	9	0	CC/GT/CT	0	0	1	7.246376812e-09	7.246376812e-09	7.246376812e-09	7.246376812e-09
2	9	0	CC/TT/CT	0	0	1	7.246376812e-09	0.0001194	7.246376812e-09	0.0003582
4	9	0	CG/AA/CT	0	0	1	7.5e-27	7.5e-27	7.5e-27	7.5e-27
4	9	0	CG/AC/CT	0	0	1	7.5e-27	7.5e-27	7.5e-27	7.5e-27
4	9	0	CG/AG/CT	0	0	1	7.5e-27	7.5e-27	7.5e-27	7.5e-27
4	9	0	CG/AT/CT	0	0	1	7.5e-27	7.5e-27	7.5e-27	7.5e-27
3	9	0	CG/CC/CT	0	0	1	7.5e-07	7.5e-07	7.5e-07	7.5e-07
3	9	0	CG/CG/CT	0	0	1	7.246376812e-09	7.246376812e-09	7.246376812e-09	7.246376812e-09
3	9	0	CG/CT/CT	0	0	1	7.5e-07	7.5e-07	7.5e-07	7.5e-07
3	9	0	CG/GG/CT	0	0	1	7.246376812e-09	7.246376812e-09	7.246376812e-09	7.246376812e-09
3	9	0	CG/GT/CT	0	0	1	7.246376812e-09	7.246376812e-09	7.246376812e-09	7.246376812e-09
3	9	0	CG/TT/CT	0	0	1	7.5e-07	7.5e-07	7.5e-07	7.5e-07
3	9	0	CT/AA/CT	0	0	1	7.246376812e-09	7.246376812e-09	7.246376812e-09	7.246376812e-09
3	9	0	CT/AC/CT	0	0	1	7.246376812e-09	7.246376812e-09	7.246376812e-09	7.246376812e-09
4	9	0	CT/AG/CT	0	0	1	7.5e-27	7.5e-27	7.5e-27	7.5e-27
3	9	0	CT/AT/CT	0	0	1	7.246376812e-09	7.246376812e-09	7.246376812e-09	7.246376812e-09
2	9	0	CT/CC/CT	0	0	1	7.246376812e-09	0.0003582	7.246376812e-09	0.0001194
3	9	0	CT/CG/CT	0	0	1	7.246376812e-09	7.246376812e-09	7.246376812e-09	7.246376812e-09
2	9	0	CT/CT/CT	0	0	1	7.246376812e-09	0.0002388	7.246376812e-09	0.0002388
3	9	0	CT/GG/CT	0	0	1	7.246376812e-09	7.246376812e-09	7.246376812e-09	7.246376812e-09
3	9	0	CT/GT/CT	0	0	1	7.246376812e-09	7.246376812e-09	7.246376812e-09	7.246376812e-09
2	9	0	CT/TT/CT	0	0	1	7.246376812e-09	0.0001194	7.246376812e-09	0.0003582
4	9	0	GG/AA/CT	0	0	1	7.5e-27	7.5e-27	7.5e-27	7.5e-27
4	9	0	GG/AC/CT	0	0	1	7.5e-27	7.5e-27	7.5e-27	7.5e-27
4	9	0	GG/AG/CT	0	0	1	7.5e-27	7.5e-27	7.5e-27	7.5e-27
4	9	0	GG/AT/CT	0	0	1	7.5e-27	7.5e-27	7.5e-27	7.5e-27
3	9	0	GG/CC/CT	0	0	1	7.5e-07	7.5e-07	7.5e-07	7.5e-07
3	9	0	GG/CG/CT	0	0	1	7.246376812e-09	7.246376812e-09	7.246376812e-09	7.246376812e-09
3	9	0	GG/CT/CT	0	0	1	7.5e-07	7.5e-07	7.5e-07	7.5e-07
3	9	0	GG/GG/CT	0	0	1	7.246376812e-09	7.246376812e-09	7.246376812e-09	7.246376812e-09
3	9	0	GG/GT/CT	0	0	1	7.246376812e-09	7.246376812e-09	7.246376812e-09	7.246376812e-09
3	9	0	GG/TT/CT	0	0	1	7.5e-07	7.5e-07	7.5e-07	7.5e-07
4	9	0	GT/AA/CT	0	0	1	7.5e-27	7.5e-27	7.5e-27	7.5e-27
4	9	0	GT/AC/CT	0	0	1	7.5e-27	7.5e-27	7.5e-27	7.5e-27
4	9	0	GT/AG/CT	0	0	1	7.5e-27	7.5e-27	7.5e-27	7.5e-27
4	9	0	GT/AT/CT	0	0	1	7.5e-27	7.5e-27	7.5e-27	7.5e-27
3	9	0	GT/CC/CT	0	0	1	7.5e-07	7.5e-07	7.5e-07	7.5e-07
3	9	0	GT/CG/CT	0	0	1	7.246376812e-09	7.246376812e-09	7.246376812e-09	7.246376812e-09
3	9	0	GT/CT/CT	0	0	1	7.5e-07	7.5e-07	7.5e-07	7.5e-07
3	9	0	GT/GG/CT	0	0	1	7.246376812e-09	7.246376812e-09	7.246376812e-09	7.246376812e-09
3	9	0	GT/GT/CT	0	0	1	7.246376812e-09	7.246376812e-09	7.246376812e-09	7.246376812e-09
3	9	0	GT/TT/CT	0	0	1	7.5e-07	7.5e-07	7.5e-07	7.5e-07
3	9	0	TT/AA/CT	0	0	1	7.246376812e-09	7.246376812e-09	7.246376812e-09	7.246376812e-09
3	9	0	TT/AC/CT	0	0	1	7.246376812e-09	7.246376812e-09	7.246376812e-09	7.246376812e-09
4	9	0	TT/AG/CT	0	0	1	7.5e-27	7.5e-27	7.5e-27	7.5e-27
3	9	0	TT/AT/CT	0	0	1	7.246376812e-09	7.246376812e-09	7.246376812e-09	7.246376812e-09
2	9	0	TT/CC/CT	0	0	1	7.246376812e-09	0.0003582	7.246376812e-09	0.0001194
3	9	0	TT/CG/CT	0	0	1	7.246376812e-09	7.246376812e-09	7.246376812e-09	7.246376812e-09
2	9	0	TT/CT/CT	0	0	1	7.246376812e-09	0.0002388	7.246376812e-09	0.0002388
3	9	0	TT/GG/CT	0	0	1	7.246376812e-09	7.246376812e-09	7.246376812e-09	7.246376812e-09
3	9	0	TT/GT/CT	0	0	1	7.246376812e-09	7.246376812e-09	7.246376812e-09	7.246376812e-09
2	9	0	TT/TT/CT	0	0	1	7.246376812e-09	0.0001194	7.246376812e-09	0.0003582
2	2	1	AA/AA/GG	0.99999999	0	1	5.97e-05	7.246376812e-09	5.97e-05	7.246376812e-09
3	9	0	AA/AC/GG	0	0	1	7.246376812e-09	7.246376812e-09	7.246376812e-09	7.246376812e-09
2	2	1	AA/AG/GG	0.99999999	0	1	0.0001194	7.246376812e-09	0.0003582	7.246376812e-09
3	9	0	AA/AT/GG	0	0	1	7.246376812e-09	7.246376812e-09	7.246376812e-09	7.246376812e-09
3	9	0	AA/CC/GG	0	0	1	7.5e-07	7.5e-07	7.5e-07	7.5e-07
3	9	0	AA/CG/GG	0	0	1	7.5e-07	7.5e-07	7.5e-07	7.5e-07
4	9	0	AA/CT/GG	0	0	1	7.5e-27	7.5e-27	7.5e-27	7.5e-27
2	3	1	AA/GG/GG	1e-08	1	0	0.0001791	0.0001791	0.7447575	0.0001791
3	9	0	AA/GT/GG	0	0	1	7.5e-07	7.5e-07	7.5e-07	7.5e-07
3	9	0	AA/TT/GG	0	0	1	7.5e-07	7.5e-07	7.5e-07	7.5e-07
3	9	0	AC/AA/GG	0	0	1	7.5e-07	7.5e-07	7.5e-07	7.5e-07
3	9	0	AC/AC/GG	0	0	1	7.246376812e-09	7.246376812e-09	7.246376812e-09	7.246376812e-09
3	9	0	AC/AG/GG	0	0	1	7.5e-07	7.5e-07	7.5e-07	7.5e-07
4	9	0	AC/AT/GG	0	0	1	7.5e-27	7.5e-27	7.5e-27	7.5e-27
3	9	0	AC/CC/GG	0	0	1	7.5e-07	7.5e-07	7.5e-07	7.5e-07
3	9	0	AC/CG/GG	0	0	1	7.5e-07	7.5e-07	7.5e-07	7.5e-07
4	9	0	AC/CT/GG	0	0	1	7.5e-27	7.5e-27	7.5e-27	7.5e-27
3	9	0	AC/GG/GG	0	0	1	7.5e-07	7.5e-07	7.5e-07	7.5e-07
4	9	0	AC/GT/GG	0	0	1	7.5e-27	7.5e-27	7.5e-27	7.5e-27
4	9	0	AC/TT/GG	0	0	1	7.5e-27	7.5e-27	7.5e-27	7.5e-27
2	9	0	AG/AA/GG	0	0	1	5.97e-05	7.246376812e-09	5.97e-05	7.246376812e-09
3	9	0	AG/AC/GG	0	0	1	7.246376812e-09	7.246376812e-09	7.246376812e-09	7.246376812e-09
2	9	0	AG/AG/GG	0	0	1	0.0001194	7.246376812e-09	0.0003582	7.246376812e-09
3	9	0	AG/AT/GG	0	0	1	7.246376812e-09	7.246376812e-09	7.246376812e-09	7.246376812e-09
3	9	0	AG/CC/GG	0	0	1	7.5e-07	7.5e-07	7.5e-07	7.5e-07
3	9	0	AG/CG/GG	0	0	1	7.5e-07	7.5e-07	7.5e-07	7.5e-07
4	9	0	AG/CT/GG	0	0	1	7.5e-27	7.5e-27	7.5e-27	7.5e-27
2	9	0	AG/GG/GG	0	0	1	0.0001791	0.0001791	0.7447575	0.0001791
3	9	0	AG/GT/GG	0	0	1	7.5e-07	7.5e-07	7.5e-07	7.5e-07
3	9	0	AG/TT/GG	0	0	1	7.5e-07	7.5e-07	7.5e-07	7.5e-07
3	9	0	AT/AA/GG	0	0	1	7.5e-07	7.5e-07	7.5e-07	7.5e-07
4	9	0	AT/AC/GG	0	0	1	7.5e-27	7.5e-27	7.5e-27	7.5e-27
3	9	0	AT/AG/GG	0	0	1	7.5e-07	7.5e-07	7.5e-07	7.5e-07
3	9	0	AT/AT/GG	0	0	1	7.246376812e-09	7.246376812e-09	7.246376812e-09	7.246376812e-09
4	9	0	AT/CC/GG	0	0	1	7.5e-27	7.5e-27	7.5e-27	7.5e-27
4	9	0	AT/CG/GG	0	0	1	7.5e-27	7.5e-27	7.5e-27	7.5e-27
4	9	0	AT/CT/GG	0	0	1	7.5e-27	7.5e-27	7.5e-27	7.5e-27
3	9	0	AT/GG/GG	0	0	1	7.5e-07	7.5e-07	7.5e-07	7.5e-07
3	9	0	AT/GT/GG	0	0	1	7.5e-07	7.5e-07	7.5e-07	7.5e-07
3	9	0	AT/TT/GG	0	0	1	7.5e-07	7.5e-07	7.5e-07	7.5e-07
3	9	0	CC/AA/GG	0	0	1	7.5e-07	7.5e-07	7.5e-07	7.5e-07
3	9	0	CC/AC/GG	0	0	1	7.246376812e-09	7.246376812e-09	7.246376812e-09	7.246376812e-09
3	9	0	CC/AG/GG	0	0	1	7.5e-07	7.5e-07	7.5e-07	7.5e-07
4	9	0	CC/AT/GG	0	0	1	7.5e-27	7.5e-27	7.5e-27	7.5e-27
2	2	1	CC/CC/GG	0.99999999	0	1	7.246376812e-09	5.97e-05	5.97e-05	7.246376812e-09
2	2	1	CC/CG/GG	0.99999999	0	1	7.246376812e-09	0.0001194	0.0003582	7.246376812e-09
3	9	0	CC/CT/GG	0	0	1	7.246376812e-09	7.246376812e-09	7.246376812e-09	7.246376812e-09
2	3	1	CC/GG/GG	1e-08	1	0	0.0001791	0.0001791	0.7447575	0.0001791
3	9	0	CC/GT/GG	0	0	1	7.5e-07	7.5e-07	7.5e-07	7.5e-07
3	9	0	CC/TT/GG	0	0	1	7.5e-07	7.5e-07	7.5e-07	7.5e-07
3	9	0	CG/AA/GG	0	0	1	7.5e-07	7.5e-07	7.5e-07	7.5e-07
3	9	0	CG/AC/GG	0	0	1	7.246376812e-09	7.246376812e-09	7.246376812e-09	7.246376812e-09
3	9	0	CG/AG/GG	0	0	1	7.5e-07	7.5e-07	7.5e-07	7.5e-07
4	9	0	CG/AT/GG	0	0	1	7.5e-27	7.5e-27	7.5e-27	7.5e-27
2	9	0	CG/CC/GG	0	0	1	7.246376812e-09	5.97e-05	5.97e-05	7.246376812e-09
2	9	0	CG/CG/GG	0	0	1	7.246376812e-09	0.0001194	0.0003582	7.246376812e-09
3	9	0	CG/CT/GG	0	0	1	7.246376812e-09	7.246376812e-09	7.246376812e-09	7.246376812e-09
2	9	0	CG/GG/GG	0	0	1	0.0001791	0.0001791	0.7447575	0.0001791
3	9	0	CG/GT/GG	0	0	1	7.5e-07	7.5e-07	7.5e-07	7.5e-07
3	9	0	CG/TT/GG	0	0	1	7.5e-07	7.5e-07	7.5e-07	7.5e-07
4	9	0	CT/AA/GG	0	0	1	7.5e-27	7.5e-27	7.5e-27	7.5e-27
4	9	0	CT/AC/GG	0	0	1	7.5e-27	7.5e-27	7.5e-27	7.5e-27
4	9	0	CT/AG/GG	0	0	1	7.5e-27	7.5e-27	7.5e-27	7.5e-27
4	9	0	CT/AT/GG	0	0	1	7.5e-27	7.5e-27	7.5e-27	7.5e-27
3	9	0	CT/CC/GG	0	0	1	7.5e-07	7.5e-07	7.5e-07	7.5e-07
3	9	0	CT/CG/GG	0	0	1	7.5e-07	7.5e-07	7.5e-07	7.5e-07
3	9	0	CT/CT/GG	0	0	1	7.246376812e-09	7.246376812e-09	7.246376812e-09	7.246376812e-09
3	9	0	CT/GG/GG	0	0	1	7.5e-07	7.5e-07	7.5e-07	7.5e-07
3	9	0	CT/GT/GG	0	0	1	7.5e-07	7.5e-07	7.5e-07	7.5e-07
3	9	0	CT/TT/GG	0	0	1	7.5e-07	7.5e-07	7.5e-07	7.5e-07
2	4	1	GG/AA/GG	1e-08	1	0	5.97e-05	7.246376812e-09	5.97e-05	7.246376812e-09
3	9	0	GG/AC/GG	0	0	1	7.246376812e-09	7.246376812e-09	7.246376812e-09	7.246376812e-09
2	8	0.5	GG/AG/GG	0.99999999	0	1	0.0001194	7.246376812e-09	0.0003582	7.246376812e-09
3	9	0	GG/AT/GG	0	0	1	7.246376812e-09	7.246376812e-09	7.246376812e-09	7.246376812e-09
2	5	1	GG/CC/GG	1e-08	1	0	7.246376812e-09	5.97e-05	5.97e-05	7.246376812e-09
2	8	0.5	GG/CG/GG	0.99999999	0	1	7.246376812e-09	0.0001194	0.0003582	7.246376812e-09
3	9	0	GG/CT/GG	0	0	1	7.246376812e-09	7.246376812e-09	7.246376812e-09	7.246376812e-09
1	6	1	GG/GG/GG	0.99999999	0	1	0.0001791	0.0001791	0.7447575	0.0001791
2	8	0.5	GG/GT/GG	0.99999999	0	1	7.246376812e-09	7.246376812e-09	0.0003582	0.0001194
2	5	1	GG/TT/GG	1e-08	1	0	7.246376812e-09	7.246376812e-09	5.97e-05	5.97e-05
3	9	0	GT/AA/GG	0	0	1	7.5e-07	7.5e-07	7.5e-07	7.5e-07
4	9	0	GT/AC/GG	0	0	1	7.5e-27	7.5e-27	7.5e-27	7.5e-27
3	9	0	GT/AG/GG	0	0	1	7.5e-07	7.5e-07	7.5e-07	7.5e-07
3	9	0	GT/AT/GG	0	0	1	7.246376812e-09	7.246376812e-09	7.246376812e-09	7.246376812e-09
3	9	0	GT/CC/GG	0	0	1	7.5e-07	7.5e-07	7.5e-07	7.5e-07
3	9	0	GT/CG/GG	0	0	1	7.5e-07	7.5e-07	7.5e-07	7.5e-07
3	9	0	GT/CT/GG	0	0	1	7.246376812e-09	7.246376812e-09	7.246376812e-09	7.246376812e-09
2	9	0	GT/GG/GG	0	0	1	0.0001791	0.0001791	0.7447575	0.0001791
2	9	0	GT/GT/GG	0	0	1	7.246376812e-09	7.246376812e-09	0.0003582	0.0001194
2	9	0	GT/TT/GG	0	0	1	7.246376812e-09	7.246376812e-09	5.97e-05	5.97e-05
3	9	0	TT/AA/GG	0	0	1	7.5e-07	7.5e-07	7.5e-07	7.5e-07
4	9	0	TT/AC/GG	0	0	1	7.5e-27	7.5e-27	7.5e-27	7.5e-27
3	9	0	TT/AG/GG	0	0	1	7.5e-07	7.5e-07	7.5e-07	7.5e-07
3	9	0	TT/AT/GG	0	0	1	7.246376812e-09	7.246376812e-09	7.246376812e-09	7.246376812e-09
3	9	0	TT/CC/GG	0	0	1	7.5e-07	7.5e-07	7.5e-07	7.5e-07
3	9	0	TT/CG/GG	0	0	1	7.5e-07	7.5e-07	7.5e-07	7.5e-07
3	9	0	TT/CT/GG	0	0	1	7.246376812e-09	7.246376812e-09	7.246376812e-09	7.246376812e-09
2	3	1	TT/GG/GG	1e-08	1	0	0.0001791	0.0001791	0.7447575	0.0001791
2	2	1	TT/GT/GG	0.99999999	0	1	7.246376812e-09	7.246376812e-09	0.0003582	0.0001194
2	2	1	TT/TT/GG	0.99999999	0	1	7.246376812e-09	7.246376812e-09	5.97e-05	5.97e-05
3	9	0	AA/AA/GT	0	0	1	7.246376812e-09	7.246376812e-09	7.246376812e-09	7.246376812e-09
4	9	0	AA/AC/GT	0	0	1	7.5e-27	7.5e-27	7.5e-27	7.5e-27
3	9	0	AA/AG/GT	0	0	1	7.246376812e-09	7.246376812e-09	7.246376812e-09	7.246376812e-09
3	9	0	AA/AT/GT	0	0	1	7.246376812e-09	7.246376812e-09	7.246376812e-09	7.246376812e-09
4	9	0	AA/CC/GT	0	0	1	7.5e-27	7.5e-27	7.5e-27	7.5e-27
4	9	0	AA/CG/GT	0	0	1	7.5e-27	7.5e-27	7.5e-27	7.5e-27
4	9	0	AA/CT/GT	0	0	1	7.5e-27	7.5e-27	7.5e-27	7.5e-27
3	9	0	AA/GG/GT	0	0	1	7.5e-07	7.5e-07	7.5e-07	7.5e-07
3	9	0	AA/GT/GT	0	0	1	7.5e-07	7.5e-07	7.5e-07	7.5e-07
3	9	0	AA/TT/GT	0	0	1	7.5e-07	7.5e-07	7.5e-07	7.5e-07
4	9	0	AC/AA/GT	0	0	1	7.5e-27	7.5e-27	7.5e-27	7.5e-27
4	9	0	AC/AC/GT	0	0	1	7.5e-27	7.5e-27	7.5e-27	7.5e-27
4	9	0	AC/AG/GT	0	0	1	7.5e-27	7.5e-27	7.5e-27	7.5e-27
4	9	0	AC/AT/GT	0	0	1	7.5e-27	7.5e-27	7.5e-27	7.5e-27
4	9	0	AC/CC/GT	0	0	1	7.5e-27	7.5e-27	7.5e-27	7.5e-27
4	9	0	AC/CG/GT	0	0	1	7.5e-27	7.5e-27	7.5e-27	7.5e-27
4	9	0	AC/CT/GT	0	0	1	7.5e-27	7.5e-27	7.5e-27	7.5e-27
4	9	0	AC/GG/GT	0	0	1	7.5e-27	7.5e-27	7.5e-27	7.5e-27
4	9	0	AC/GT/GT	0	0	1	7.5e-27	7.5e-27	7.5e-27	7.5e-27
4	9	0	AC/TT/GT	0	0	1	7.5e-27	7.5e-27	7.5e-27	7.5e-27
3	9	0	AG/AA/GT	0	0	1	7.246376812e-09	7.246376812e-09	7.246376812e-09	7.246376812e-09
4	9	0	AG/AC/GT	0	0	1	7.5e-27	7.5e-27	7.5e-27	7.5e-27
3	9	0	AG/AG/GT	0	0	1	7.246376812e-09	7.246376812e-09	7.246376812e-09	7.246376812e-09
3	9	0	AG/AT/GT	0	0	1	7.246376812e-09	7.246376812e-09	7.246376812e-09	7.246376812e-09
4	9	0	AG/CC/GT	0	0	1	7.5e-27	7.5e-27	7.5e-27	7.5e-27
4	9	0	AG/CG/GT	0	0	1	7.5e-27	7.5e-27	7.5e-27	7.5e-27
4	9	0	AG/CT/GT	0	0	1	7.5e-27	7.5e-27	7.5e-27	7.5e-27
3	9	0	AG/GG/GT	0	0	1	7.5e-07	7.5e-07	7.5e-07	7.5e-07
3	9	0	AG/GT/GT	0	0	1	7.5e-07	7.5e-07	7.5e-07	7.5e-07
3	9	0	AG/TT/GT	0	0	1	7.5e-07	7.5e-07	7.5e-07	7.5e-07
3	9	0	AT/AA/GT	0	0	1	7.246376812e-09	7.246376812e-09	7.246376812e-09	7.246376812e-09
4	9	0	AT/AC/GT	0	0	1	7.5e-27	7.5e-27	7.5e-27	7.5e-27
3	9	0	AT/AG/GT	0	0	1	7.246376812e-09	7.246376812e-09	7.246376812e-09	7.246376812e-09
3	9	0	AT/AT/GT	0	0	1	7.246376812e-09	7.246376812e-09	7.246376812e-09	7.246376812e-09
4	9	0	AT/CC/GT	0	0	1	7.5e-27	7.5e-27	7.5e-27	7.5e-27
4	9	0	AT/CG/GT	0	0	1	7.5e-27	7.5e-27	7.5e-27	7.5e-27
4	9	0	AT/CT/GT	0	0	1	7.5e-27	7.5e-27	7.5e-27	7.5e-27
3	9	0	AT/GG/GT	0	0	1	7.5e-07	7.5e-07	7.5e-07	7.5e-07
3	9	0	AT/GT/GT	0	0	1	7.5e-07	7.5e-07	7.5e-07	7.5e-07
3	9	0	AT/TT/GT	0	0	1	7.5e-07	7.5e-07	7.5e-07	7.5e-07
4	9	0	CC/AA/GT	0	0	1	7.5e-27	7.5e-27	7.5e-27	7.5e-27
4	9	0	CC/AC/GT	0	0	1	7.5e-27	7.5e-27	7.5e-27	7.5e-27
4	9	0	CC/AG/GT	0	0	1	7.5e-27	7.5e-27	7.5e-27	7.5e-27
4	9	0	CC/AT/GT	0	0	1	7.5e-27	7.5e-27	7.5e-27	7.5e-27
3	9	0	CC/CC/GT	0	0	1	7.246376812e-09	7.246376812e-09	7.246376812e-09	7.246376812e-09
3	9	0	CC/CG/GT	0	0	1	7.246376812e-09	7.246376812e-09	7.246376812e-09	7.246376812e-09
3	9	0	CC/CT/GT	0	0	1	7.246376812e-09	7.246376812e-09	7.246376812e-09	7.246376812e-09
3	9	0	CC/GG/GT	0	0	1	7.5e-07	7.5e-07	7.5e-07	7.5e-07
3	9	0	CC/GT/GT	0	0	1	7.5e-07	7.5e-07	7.5e-07	7.5e-07
3	9	0	CC/TT/GT	0	0	1	7.5e-07	7.5e-07	7.5e-07	7.5e-07
4	9	0	CG/AA/GT	0	0	1	7.5e-27	7.5e-27	7.5e-27	7.5e-27
4	9	0	CG/AC/GT	0	0	1	7.5e-27	7.5e-27	7.5e-27	7.5e-27
4	9	0	CG/AG/GT	0	0	1	7.5e-27	7.5e-27	7.5e-27	7.5e-27
4	9	0	CG/AT/GT	0	0	1	7.5e-27	7.5e-27	7.5e-27	7.5e-27
3	9	0	CG/CC/GT	0	0	1	7.246376812e-09	7.246376812e-09	7.246376812e-09	7.246376812e-09
3	9	0	CG/CG/GT	0	0	1	7.246376812e-09	7.246376812e-09	7.246376812e-09	7.246376812e-09
3	9	0	CG/CT/GT	0	0	1	7.246376812e-09	7.246376812e-09	7.246376812e-09	7.246376812e-09
3	9	0	CG/GG/GT	0	0	1	7.5e-07	7.5e-07	7.5e-07	7.5e-07
3	9	0	CG/GT/GT	0	0	1	7.5e-07	7.5e-07	7.5e-07	7.5e-07
3	9	0	CG/TT/GT	0	0	1	7.5e-07	7.5e-07	7.5e-07	7.5e-07
4	9	0	CT/AA/GT	0	0	1	7.5e-27	7.5e-27	7.5e-27	7.5e-27
4	9	0	CT/AC/GT	0	0	1	7.5e-27	7.5e-27	7.5e-27	7.5e-27
4	9	0	CT/AG/GT	0	0	1	7.5e-27	7.5e-27	7.5e-27	7.5e-27
4	9	0	CT/AT/GT	0	0	1	7.5e-27	7.5e-27	7.5e-27	7.5e-27
3	9	0	CT/CC/GT	0	0	1	7.246376812e-09	7.246376812e-09	7.246376812e-09	7.246376812e-09
3	9	0	CT/CG/GT	0	0	1	7.246376812e-09	7.246376812e-09	7.246376812e-09	7.246376812e-09
3	9	0	CT/CT/GT	0	0	1	7.246376812e-09	7.246376812e-09	7.246376812e-09	7.246376812e-09
3	9	0	CT/GG/GT	0	0	1	7.5e-07	7.5e-07	7.5e-07	7.5e-07
3	9	0	CT/GT/GT	0	0	1	7.5e-07	7.5e-07	7.5e-07	7.5e-07
3	9	0	CT/TT/GT	0	0	1	7.5e-07	7.5e-07	7.5e-07	7.5e-07
3	9	0	GG/AA/GT	0	0	1	7.246376812e-09	7.246376812e-09	7.246376812e-09	7.246376812e-09
4	9	0	GG/AC/GT	0	0	1	7.5e-27	7.5e-27	7.5e-27	7.5e-27
3	9	0	GG/AG/GT	0	0	1	7.246376812e-09	7.246376812e-09	7.246376812e-09	7.246376812e-09
3	9	0	GG/AT/GT	0	0	1	7.246376812e-09	7.246376812e-09	7.246376812e-09	7.246376812e-09
3	9	0	GG/CC/GT	0	0	1	7.246376812e-09	7.246376812e-09	7.246376812e-09	7.246376812e-09
3	9	0	GG/CG/GT	0	0	1	7.246376812e-09	7.246376812e-09	7.246376812e-09	7.246376812e-09
3	9	0	GG/CT/GT	0	0	1	7.246376812e-09	7.246376812e-09	7.246376812e-09	7.246376812e-09
2	9	0	GG/GG/GT	0	0	1	7.246376812e-09	7.246376812e-09	0.0003582	0.0001194
2	9	0	GG/GT/GT	0	0	1	7.246376812e-09	7.246376812e-09	0.0002388	0.0002388
2	9	0	GG/TT/GT	0	0	1	7.246376812e-09	7.246376812e-09	0.0001194	0.0003582
3	9	0	GT/AA/GT	0	0	1	7.246376812e-09	7.246376812e-09	7.246376812e-09	7.246376812e-09
4	9	0	GT/AC/GT	0	0	1	7.5e-27	7.5e-27	7.5e-27	7.5e-27
3	9	0	GT/AG/GT	0	0	1	7.246376812e-09	7.246376812e-09	7.246376812e-09	7.246376812e-09
3	9	0	GT/AT/GT	0	0	1	7.246376812e-09	7.246376812e-09	7.246376812e-09	7.246376812e-09
3	9	0	GT/CC/GT	0	0	1	7.246376812e-09	7.246376812e-09	7.246376812e-09	7.246376812e-09
3	9	0	GT/CG/GT	0	0	1	7.246376812e-09	7.246376812e-09	7.246376812e-09	7.246376812e-09
3	9	0	GT/CT/GT	0	0	1	7.246376812e-09	7.246376812e-09	7.246376812e-09	7.246376812e-09
2	9	0	GT/GG/GT	0	0	1	7.246376812e-09	7.246376812e-09	0.0003582	0.0001194
2	9	0	GT/GT/GT	0	0	1	7.246376812e-09	7.246376812e-09	0.0002388	0.0002388
2	9	0	GT/TT/GT	0	0	1	7.246376812e-09	7.246376812e-09	0.0001194	0.0003582
3	9	0	TT/AA/GT	0	0	1	7.246376812e-09	7.246376812e-09	7.246376812e-09	7.246376812e-09
4	9	0	TT/AC/GT	0	0	1	7.5e-27	7.5e-27	7.5e-27	7.5e-27
3	9	0	TT/AG/GT	0	0	1	7.246376812e-09	7.246376812e-09	7.246376812e-09	7.246376812e-09
3	9	0	TT/AT/GT	0	0	1	7.246376812e-09	7.246376812e-09	7.246376812e-09	7.246376812e-09
3	9	0	TT/CC/GT	0	0	1	7.246376812e-09	7.246376812e-09	7.246376812e-09	7.246376812e-09
3	9	0	TT/CG/GT	0	0	1	7.246376812e-09	7.246376812e-09	7.246376812e-09	7.246376812e-09
3	9	0	TT/CT/GT	0	0	1	7.246376812e-09	7.246376812e-09	7.246376812e-09	7.246376812e-09
2	9	0	TT/GG/GT	0	0	1	7.246376812e-09	7.246376812e-09	0.0003582	0.0001194
2	9	0	TT/GT/GT	0	0	1	7.246376812e-09	7.246376812e-09	0.0002388	0.0002388
2	9	0	TT/TT/GT	0	0	1	7.246376812e-09	7.246376812e-09	0.0001194	0.0003582
2	2	1	AA/AA/TT	0.99999999	0	1	5.97e-05	7.246376812e-09	7.246376812e-09	5.97e-05
3	9	0	AA/AC/TT	0	0	1	7.246376812e-09	7.246376812e-09	7.246376812e-09	7.246376812e-09
3	9	0	AA/AG/TT	0	0	1	7.246376812e-09	7.246376812e-09	7.246376812e-09	7.246376812e-09
2	2	1	AA/AT/TT	0.99999999	0	1	0.0001194	7.246376812e-09	7.246376812e-09	0.0003582
3	9	0	AA/CC/TT	0	0	1	7.5e-07	7.5e-07	7.5e-07	7.5e-07
4	9	0	AA/CG/TT	0	0	1	7.5e-27	7.5e-27	7.5e-27	7.5e-27
3	9	0	AA/CT/TT	0	0	1	7.5e-07	7.5e-07	7.5e-07	7.5e-07
3	9	0	AA/GG/TT	0	0	1	7.5e-07	7.5e-07	7.5e-07	7.5e-07
3	9	0	AA/GT/TT	0	0	1	7.5e-07	7.5e-07	7.5e-07	7.5e-07
2	3	1	AA/TT/TT	1e-08	1	0	0.0001791	0.0001791	0.0001791	0.7447575
3	9	0	AC/AA/TT	0	0	1	7.5e-07	7.5e-07	7.5e-07	7.5e-07
3	9	0	AC/AC/TT	0	0	1	7.246376812e-09	7.246376812e-09	7.246376812e-09	7.246376812e-09
4	9	0	AC/AG/TT	0	0	1	7.5e-27	7.5e-27	7.5e-27	7.5e-27
3	9	0	AC/AT/TT	0	0	1	7.5e-07	7.5e-07	7.5e-07	7.5e-07
3	9	0	AC/CC/TT	0	0	1	7.5e-07	7.5e-07	7.5e-07	7.5e-07
4	9	0	AC/CG/TT	0	0	1	7.5e-27	7.5e-27	7.5e-27	7.5e-27
3	9	0	AC/CT/TT	0	0	1	7.5e-07	7.5e-07	7.5e-07	7.5e-07
4	9	0	AC/GG/TT	0	0	1	7.5e-27	7.5e-27	7.5e-27	7.5e-27
4	9	0	AC/GT/TT	0	0	1	7.5e-27	7.5e-27	7.5e-27	7.5e-27
3	9	0	AC/TT/TT	0	0	1	7.5e-07	7.5e-07	7.5e-07	7.5e-07
3	9	0	AG/AA/TT	0	0	1	7.5e-07	7.5e-07	7.5e-07	7.5e-07
4	9	0	AG/AC/TT	0	0	1	7.5e-27	7.5e-27	7.5e-27	7.5e-27
3	9	0	AG/AG/TT	0	0	1	7.246376812e-09	7.246376812e-09	7.246376812e-09	7.246376812e-09
3	9	0	AG/AT/TT	0	0	1	7.5e-07	7.5e-07	7.5e-07	7.5e-07
4	9	0	AG/CC/TT	0	0	1	7.5e-27	7.5e-27	7.5e-27	7.5e-27
4	9	0	AG/CG/TT	0	0	1	7.5e-27	7.5e-27	7.5e-27	7.5e-27
4	9	0	AG/CT/TT	0	0	1	7.5e-27	7.5e-27	7.5e-27	7.5e-27
3	9	0	AG/GG/TT	0	0	1	7.5e-07	7.5e-07	7.5e-07	7.5e-07
3	9	0	AG/GT/TT	0	0	1	7.5e-07	7.5e-07	7.5e-07	7.5e-07
3	9	0	AG/TT/TT	0	0	1	7.5e-07	7.5e-07	7.5e-07	7.5e-07
2	9	0	AT/AA/TT	0	0	1	5.97e-05	7.246376812e-09	7.246376812e-09	5.97e-05
3	9	0	AT/AC/TT	0	0	1	7.246376812e-09	7.246376812e-09	7.246376812e-09	7.246376812e-09
3	9	0	AT/AG/TT	0	0	1	7.246376812e-09	7.246376812e-09	7.246376812e-09	7.246376812e-09
2	9	0	AT/AT/TT	0	0	1	0.0001194	7.246376812e-09	7.246376812e-09	0.0003582
3	9	0	AT/CC/TT	0	0	1	7.5e-07	7.5e-07	7.5e-07	7.5e-07
4	9	0	AT/CG/TT	0	0	1	7.5e-27	7.5e-27	7.5e-27	7.5e-27
3	9	0	AT/CT/TT	0	0	1	7.5e-07	7.5e-07	7.5e-07	7.5e-07
3	9	0	AT/GG/TT	0	0	1	7.5e-07	7.5e-07	7.5e-07	7.5e-07
3	9	0	AT/GT/TT	0	0	1	7.5e-07	7.5e-07	7.5e-07	7.5e-07
2	9	0	AT/TT/TT	0	0	1	0.0001791	0.0001791	0.0001791	0.7447575
3	9	0	CC/AA/TT	0	0	1	7.5e-07	7.5e-07	7.5e-07	7.5e-07
3	9	0	CC/AC/TT	0	0	1	7.246376812e-09	7.246376812e-09	7.246376812e-09	7.246376812e-09
4	9	0	CC/AG/TT	0	0	1	7.5e-27	7.5e-27	7.5e-27	7.5e-27
3	9	0	CC/AT/TT	0	0	1	7.5e-07	7.5e-07	7.5e-07	7.5e-07
2	2	1	CC/CC/TT	0.99999999	0	1	7.246376812e-09	5.97e-05	7.246376812e-09	5.97e-05
3	9	0	CC/CG/TT	0	0	1	7.246376812e-09	7.246376812e-09	7.246376812e-09	7.246376812e-09
2	2	1	CC/CT/TT	0.99999999	0	1	7.246376812e-09	0.0001194	7.246376812e-09	0.0003582
3	9	0	CC/GG/TT	0	0	1	7.5e-07	7.5e-07	7.5e-07	7.5e-07
3	9	0	CC/GT/TT	0	0	1	7.5e-07	7.5e-07	7.5e-07	7.5e-07
2	3	1	CC/TT/TT	1e-08	1	0	0.0001791	0.0001791	0.0001791	0.7447575
4	9	0	CG/AA/TT	0	0	1	7.5e-27	7.5e-27	7.5e-27	7.5e-27
4	9	0	CG/AC/TT	0	0	1	7.5e-27	7.5e-27	7.5e-27	7.5e-27
4	9	0	CG/AG/TT	0	0	1	7.5e-27	7.5e-27	7.5e-27	7.5e-27
4	9	0	CG/AT/TT	0	0	1	7.5e-27	7.5e-27	7.5e-27	7.5e-27
3	9	0	CG/CC/TT	0	0	1	7.5e-07	7.5e-07	7.5e-07	7.5e-07
3	9	0	CG/CG/TT	0	0	1	7.246376812e-09	7.246376812e-09	7.246376812e-09	7.246376812e-09
3	9	0	CG/CT/TT	0	0	1	7.5e-07	7.5e-07	7.5e-07	7.5e-07
3	9	0	CG/GG/TT	0	0	1	7.5e-07	7.5e-07	7.5e-07	7.5e-07
3	9	0	CG/GT/TT	0	0	1	7.5e-07	7.5e-07	7.5e-07	7.5e-07
3	9	0	CG/TT/TT	0	0	1	7.5e-07	7.5e-07	7.5e-07	7.5e-07
3	9	0	CT/AA/TT	0	0	1	7.5e-07	7.5e-07	7.5e-07	7.5e-07
3	9	0	CT/AC/TT	0	0	1	7.246376812e-09	7.246376812e-09	7.246376812e-09	7.246376812e-09
4	9	0	CT/AG/TT	0	0	1	7.5e-27	7.5e-27	7.5e-27	7.5e-27
3	9	0	CT/AT/TT	0	0	1	7.5e-07	7.5e-07	7.5e-07	7.5e-07
2	9	0	CT/CC/TT	0	0	1	7.246376812e-09	5.97e-05	7.246376812e-09	5.97e-05
3	9	0	CT/CG/TT	0	0	1	7.246376812e-09	7.246376812e-09	7.246376812e-09	7.246376812e-09
2	9	0	CT/CT/TT	0	0	1	7.246376812e-09	0.0001194	7.246376812e-09	0.0003582
3	9	0	CT/GG/TT	0	0	1	7.5e-07	7.5e-07	7.5e-07	7.5e-07
3	9	0	CT/GT/TT	0	0	1	7.5e-07	7.5e-07	7.5e-07	7.5e-07
2	9	0	CT/TT/TT	0	0	1	0.0001791	0.0001791	0.0001791	0.7447575
3	9	0	GG/AA/TT	0	0	1	7.5e-07	7.5e-07	7.5e-07	7.5e-07
4	9	0	GG/AC/TT	0	0	1	7.5e-27	7.5e-27	7.5e-27	7.5e-27
3	9	0	GG/AG/TT	0	0	1	7.246376812e-09	7.246376812e-09	7.246376812e-09	7.246376812e-09
3	9	0	GG/AT/TT	0	0	1	7.5e-07	7.5e-07	7.5e-07	7.5e-07
3	9	0	GG/CC/TT	0	0	1	7.5e-07	7.5e-07	7.5e-07	7.5e-07
3	9	0	GG/CG/TT	0	0	1	7.246376812e-09	7.246376812e-09	7.246376812e-09	7.246376812e-09
3	9	0	GG/CT/TT	0	0	1	7.5e-07	7.5e-07	7.5e-07	7.5e-07
2	2	1	GG/GG/TT	0.99999999	0	1	7.246376812e-09	7.246376812e-09	5.97e-05	5.97e-05
2	2	1	GG/GT/TT	0.99999999	0	1	7.246376812e-09	7.246376812e-09	0.0001194	0.0003582
2	3	1	GG/TT/TT	1e-08	1	0	0.0001791	0.0001791	0.0001791	0.7447575
3	9	0	GT/AA/TT	0	0	1	7.5e-07	7.5e-07	7.5e-07	7.5e-07
4	9	0	GT/AC/TT	0	0	1	7.5e-27	7.5e-27	7.5e-27	7.5e-27
3	9	0	GT/AG/TT	0	0	1	7.246376812e-09	7.246376812e-09	7.246376812e-09	7.246376812e-09
3	9	0	GT/AT/TT	0	0	1	7.5e-07	7.5e-07	7.5e-07	7.5e-07
3	9	0	GT/CC/TT	0	0	1	7.5e-07	7.5e-07	7.5e-07	7.5e-07
3	9	0	GT/CG/TT	0	0	1	7.246376812e-09	7.246376812e-09	7.246376812e-09	7.246376812e-09
3	9	0	GT/CT/TT	0	0	1	7.5e-07	7.5e-07	7.5e-07	7.5e-07
2	9	0	GT/GG/TT	0	0	1	7.246376812e-09	7.246376812e-09	5.97e-05	5.97e-05
2	9	0	GT/GT/TT	0	0	1	7.246376812e-09	7.246376812e-09	0.0001194	0.0003582
2	9	0	GT/TT/TT	0	0	1	0.0001791	0.0001791	0.0001791	0.7447575
2	5	1	TT/AA/TT	1e-08	1	0	5.97e-05	7.246376812e-09	7.246376812e-09	5.97e-05
3	9	0	TT/AC/TT	0	0	1	7.246376812e-09	7.246376812e-09	7.246376812e-09	7.246376812e-09
3	9	0	TT/AG/TT	0	0	1	7.246376812e-09	7.246376812e-09	7.246376812e-09	7.246376812e-09
2	8	0.5	TT/AT/TT	0.99999999	0	1	0.0001194	7.246376812e-09	7.246376812e-09	0.0003582
2	4	1	TT/CC/TT	1e-08	1	0	7.246376812e-09	5.97e-05	7.246376812e-09	5.97e-05
3	9	0	TT/CG/TT	0	0	1	7.246376812e-09	7.246376812e-09	7.246376812e-09	7.246376812e-09
2	8	0.5	TT/CT/TT	0.99999999	0	1	7.246376812e-09	0.0001194	7.246376812e-09	0.0003582
2	5	1	TT/GG/TT	1e-08	1	0	7.246376812e-09	7.246376812e-09	5.97e-05	5.97e-05
2	8	0.5	TT/GT/TT	0.99999999	0	1	7.246376812e-09	7.246376812e-09	0.0001194	0.0003582
1	6	1	TT/TT/TT	0.99999999	0	1	0.0001791	0.0001791	0.0001791	0.7447575
