1	6	1	AA/AA/AA	0.99999999	0	1	0.99301	0.0002388	0.0002388	0.0002388
2	8	0.5	AA/AC/AA	0.99999999	0	1	0.0004776	0.0001592	9.661835749e-09	9.661835749e-09
2	8	0.5	AA/AG/AA	0.99999999	0	1	0.0004776	9.661835749e-09	0.0001592	9.661835749e-09
2	8	0.5	AA/AT/AA	0.99999999	0	1	0.0004776	9.661835749e-09	9.661835749e-09	0.0001592
2	5	1	AA/CC/AA	1e-08	1	0	7.96e-05	7.96e-05	9.661835749e-09	9.661835749e-09
3	9	1	AA/CG/AA	1e-08	1	0	9.661835749e-09	9.661835749e-09	9.661835749e-09	9.661835749e-09
3	9	1	AA/CT/AA	1e-08	1	0	9.661835749e-09	9.661835749e-09	9.661835749e-09	9.661835749e-09
2	4	1	AA/GG/AA	1e-08	1	0	7.96e-05	9.661835749e-09	7.96e-05	9.661835749e-09
3	9	1	AA/GT/AA	1e-08	1	0	9.661835749e-09	9.661835749e-09	9.661835749e-09	9.661835749e-09
2	5	1	AA/TT/AA	1e-08	1	0	7.96e-05	9.661835749e-09	9.661835749e-09	7.96e-05
2	5	1	AC/AA/AA	1e-08	1	0	0.99301	0.0002388	0.0002388	0.0002388
2	9	0.5	AC/AC/AA	0.99999999	0	1	0.0004776	0.0001592	9.661835749e-09	9.661835749e-09
3	9	1	AC/AG/AA	1e-08	1	0	1e-06	1e-06	1e-06	1e-06
3	9	1	AC/AT/AA	1e-08	1	0	1e-06	1e-06	1e-06	1e-06
2	9	1	AC/CC/AA	0.99999999	0	1	7.96e-05	7.96e-05	9.661835749e-09	9.661835749e-09
3	9	0.5	AC/CG/AA	0.99999999	0	1	9.661835749e-09	9.661835749e-09	9.661835749e-09	9.661835749e-09
3	9	0.5	AC/CT/AA	0.99999999	0	1	9.661835749e-09	9.661835749e-09	9.661835749e-09	9.661835749e-09
3	9	1	AC/GG/AA	1e-08	1	0	1e-06	1e-06	1e-06	1e-06
4	9	0	AC/GT/AA	0.99999999	0	1	1e-26	1e-26	1e-26	1e-26
3	9	1	AC/TT/AA	1e-08	1	0	1e-06	1e-06	1e-06	1e-06
2	4	2	AG/AA/AA	1e-08	1	0	0.99301	0.0002388	0.0002388	0.0002388
3	9	1	AG/AC/AA	1e-08	1	0	1e-06	1e-06	1e-06	1e-06
2	9	0.5	AG/AG/AA	0.99999999	0	1	0.0004776	9.661835749e-09	0.0001592	9.661835749e-09
3	9	1	AG/AT/AA	1e-08	1	0	1e-06	1e-06	1e-06	1e-06
3	9	1	AG/CC/AA	1e-08	1	0	1e-06	1e-06	1e-06	1e-06
3	9	0.5	AG/CG/AA	0.99999999	0	1	9.661835749e-09	9.661835749e-09	9.661835749e-09	9.661835749e-09
4	9	0	AG/CT/AA	0.99999999	0	1	1e-26	1e-26	1e-26	1e-26
2	9	1	AG/GG/AA	0.99999999	0	1	7.96e-05	9.661835749e-09	7.96e-05	9.661835749e-09
3	9	0.5	AG/GT/AA	0.99999999	0	1	9.661835749e-09	9.661835749e-09	9.661835749e-09	9.661835749e-09
3	9	1	AG/TT/AA	1e-08	1	0	1e-06	1e-06	1e-06	1e-06
2	5	1	AT/AA/AA	1e-08	1	0	0.99301	0.0002388	0.0002388	0.0002388
3	9	1	AT/AC/AA	1e-08	1	0	1e-06	1e-06	1e-06	1e-06
3	9	1	AT/AG/AA	1e-08	1	0	1e-06	1e-06	1e-06	1e-06
2	9	0.5	AT/AT/AA	0.99999999	0	1	0.0004776	9.661835749e-09	9.661835749e-09	0.0001592
3	9	1	AT/CC/AA	1e-08	1	0	1e-06	1e-06	1e-06	1e-06
4	9	0	AT/CG/AA	0.99999999	0	1	1e-26	1e-26	1e-26	1e-26
3	9	0.5	AT/CT/AA	0.99999999	0	1	9.661835749e-09	9.661835749e-09	9.661835749e-09	9.661835749e-09
3	9	1	AT/GG/AA	1e-08	1	0	1e-06	1e-06	1e-06	1e-06
3	9	0.5	AT/GT/AA	0.99999999	0	1	9.661835749e-09	9.661835749e-09	9.661835749e-09	9.661835749e-09
2	9	1	AT/TT/AA	0.99999999	0	1	7.96e-05	9.661835749e-09	9.661835749e-09	7.96e-05
2	3	1	CC/AA/AA	1e-16	1	0	0.99301	0.0002388	0.0002388	0.0002388
2	5	1	CC/AC/AA	1e-08	1	0	0.0004776	0.0001592	9.661835749e-09	9.661835749e-09
3	9	1	CC/AG/AA	1e-16	1	0	1e-06	1e-06	1e-06	1e-06
3	9	1	CC/AT/AA	1e-16	1	0	1e-06	1e-06	1e-06	1e-06
2	5	1	CC/CC/AA	1e-08	1	0	7.96e-05	7.96e-05	9.661835749e-09	9.661835749e-09
3	9	1	CC/CG/AA	1e-08	1	0	9.661835749e-09	9.661835749e-09	9.661835749e-09	9.661835749e-09
3	9	1	CC/CT/AA	1e-08	1	0	9.661835749e-09	9.661835749e-09	9.661835749e-09	9.661835749e-09
3	9	1	CC/GG/AA	1e-16	1	0	1e-06	1e-06	1e-06	1e-06
4	9	0	CC/GT/AA	0.99999999	0	1	1e-26	1e-26	1e-26	1e-26
3	9	1	CC/TT/AA	1e-16	1	0	1e-06	1e-06	1e-06	1e-06
3	9	1	CG/AA/AA	1e-16	1	0	1e-06	1e-06	1e-06	1e-06
3	9	1	CG/AC/AA	1e-08	1	0	1e-06	1e-06	1e-06	1e-06
3	9	1	CG/AG/AA	1e-08	1	0	1e-06	1e-06	1e-06	1e-06
4	9	0	CG/AT/AA	0.99999999	0	1	1e-26	1e-26	1e-26	1e-26
3	9	1	CG/CC/AA	1e-08	1	0	1e-06	1e-06	1e-06	1e-06
3	9	1	CG/CG/AA	1e-08	1	0	9.661835749e-09	9.661835749e-09	9.661835749e-09	9.661835749e-09
4	9	0	CG/CT/AA	0.99999999	0	1	1e-26	1e-26	1e-26	1e-26
3	9	1	CG/GG/AA	1e-08	1	0	1e-06	1e-06	1e-06	1e-06
4	9	0	CG/GT/AA	0.99999999	0	1	1e-26	1e-26	1e-26	1e-26
4	9	0	CG/TT/AA	0.99999999	0	1	1e-26	1e-26	1e-26	1e-26
3	9	1	CT/AA/AA	1e-16	1	0	1e-06	1e-06	1e-06	1e-06
3	9	1	CT/AC/AA	1e-08	1	0	1e-06	1e-06	1e-06	1e-06
4	9	0	CT/AG/AA	0.99999999	0	1	1e-26	1e-26	1e-26	1e-26
3	9	1	CT/AT/AA	1e-08	1	0	1e-06	1e-06	1e-06	1e-06
3	9	1	CT/CC/AA	1e-08	1	0	1e-06	1e-06	1e-06	1e-06
4	9	0	CT/CG/AA	0.99999999	0	1	1e-26	1e-26	1e-26	1e-26
3	9	1	CT/CT/AA	1e-08	1	0	9.661835749e-09	9.661835749e-09	9.661835749e-09	9.661835749e-09
4	9	0	CT/GG/AA	0.99999999	0	1	1e-26	1e-26	1e-26	1e-26
4	9	0	CT/GT/AA	0.99999999	0	1	1e-26	1e-26	1e-26	1e-26
3	9	1	CT/TT/AA	1e-08	1	0	1e-06	1e-06	1e-06	1e-06
2	3	1	GG/AA/AA	1e-16	1	0	0.99301	0.0002388	0.0002388	0.0002388
3	9	1	GG/AC/AA	1e-16	1	0	1e-06	1e-06	1e-06	1e-06
2	4	1	GG/AG/AA	1e-08	1	0	0.0004776	9.661835749e-09	0.0001592	9.661835749e-09
3	9	1	GG/AT/AA	1e-16	1	0	1e-06	1e-06	1e-06	1e-06
3	9	1	GG/CC/AA	1e-16	1	0	1e-06	1e-06	1e-06	1e-06
3	9	1	GG/CG/AA	1e-08	1	0	9.661835749e-09	9.661835749e-09	9.661835749e-09	9.661835749e-09
4	9	0	GG/CT/AA	0.99999999	0	1	1e-26	1e-26	1e-26	1e-26
2	4	1	GG/GG/AA	1e-08	1	0	7.96e-05	9.661835749e-09	7.96e-05	9.661835749e-09
3	9	1	GG/GT/AA	1e-08	1	0	9.661835749e-09	9.661835749e-09	9.661835749e-09	9.661835749e-09
3	9	1	GG/TT/AA	1e-16	1	0	1e-06	1e-06	1e-06	1e-06
3	9	1	GT/AA/AA	1e-16	1	0	1e-06	1e-06	1e-06	1e-06
4	9	0	GT/AC/AA	0.99999999	0	1	1e-26	1e-26	1e-26	1e-26
3	9	1	GT/AG/AA	1e-08	1	0	1e-06	1e-06	1e-06	1e-06
3	9	1	GT/AT/AA	1e-08	1	0	1e-06	1e-06	1e-06	1e-06
4	9	0	GT/CC/AA	0.99999999	0	1	1e-26	1e-26	1e-26	1e-26
4	9	0	GT/CG/AA	0.99999999	0	1	1e-26	1e-26	1e-26	1e-26
4	9	0	GT/CT/AA	0.99999999	0	1	1e-26	1e-26	1e-26	1e-26
3	9	1	GT/GG/AA	1e-08	1	0	1e-06	1e-06	1e-06	1e-06
3	9	1	GT/GT/AA	1e-08	1	0	9.661835749e-09	9.661835749e-09	9.661835749e-09	9.661835749e-09
3	9	1	GT/TT/AA	1e-08	1	0	1e-06	1e-06	1e-06	1e-06
2	3	1	TT/AA/AA	1e-16	1	0	0.99301	0.0002388	0.0002388	0.0002388
3	9	1	TT/AC/AA	1e-16	1	0	1e-06	1e-06	1e-06	1e-06
3	9	1	TT/AG/AA	1e-16	1	0	1e-06	1e-06	1e-06	1e-06
2	5	1	TT/AT/AA	1e-08	1	0	0.0004776	9.661835749e-09	9.661835749e-09	0.0001592
3	9	1	TT/CC/AA	1e-16	1	0	1e-06	1e-06	1e-06	1e-06
4	9	0	TT/CG/AA	0.99999999	0	1	1e-26	1e-26	1e-26	1e-26
3	9	1	TT/CT/AA	1e-08	1	0	9.661835749e-09	9.661835749e-09	9.661835749e-09	9.661835749e-09
3	9	1	TT/GG/AA	1e-16	1	0	1e-06	1e-06	1e-06	1e-06
3	9	1	TT/GT/AA	1e-08	1	0	9.661835749e-09	9.661835749e-09	9.661835749e-09	9.661835749e-09
2	5	1	TT/TT/AA	1e-08	1	0	7.96e-05	9.661835749e-09	9.661835749e-09	7.96e-05
2	7	0.5	AA/AA/AC	0.99999999	0	1	0.0004776	0.0001592	9.661835749e-09	9.661835749e-09
2	9	0.25	AA/AC/AC	0.99999999	0	1	0.0003184	0.0003184	9.661835749e-09	9.661835749e-09
3	9	0.25	AA/AG/AC	0.99999999	0	1	9.661835749e-09	9.661835749e-09	9.661835749e-09	9.661835749e-09
3	9	0.25	AA/AT/AC	0.99999999	0	1	9.661835749e-09	9.661835749e-09	9.661835749e-09	9.661835749e-09
2	5	1	AA/CC/AC	1e-08	1	0	0.0001592	0.0004776	9.661835749e-09	9.661835749e-09
3	9	1	AA/CG/AC	1e-08	1	0	9.661835749e-09	9.661835749e-09	9.661835749e-09	9.661835749e-09
3	9	1	AA/CT/AC	1e-08	1	0	9.661835749e-09	9.661835749e-09	9.661835749e-09	9.661835749e-09
3	9	1	AA/GG/AC	1e-08	1	0	9.661835749e-09	9.661835749e-09	9.661835749e-09	9.661835749e-09
4	9	0	AA/GT/AC	0.99999999	0	1	1e-26	1e-26	1e-26	1e-26
3	9	1	AA/TT/AC	1e-08	1	0	9.661835749e-09	9.661835749e-09	9.661835749e-09	9.661835749e-09
2	9	0.5	AC/AA/AC	0.99999999	0	1	0.0004776	0.0001592	9.661835749e-09	9.661835749e-09
2	9	0.5	AC/AC/AC	0.99999999	0	1	0.0003184	0.0003184	9.661835749e-09	9.661835749e-09
3	9	0.25	AC/AG/AC	0.99999999	0	1	9.661835749e-09	9.661835749e-09	9.661835749e-09	9.661835749e-09
3	9	0.25	AC/AT/AC	0.99999999	0	1	9.661835749e-09	9.661835749e-09	9.661835749e-09	9.661835749e-09
2	9	0.5	AC/CC/AC	0.99999999	0	1	0.0001592	0.0004776	9.661835749e-09	9.661835749e-09
3	9	0.25	AC/CG/AC	0.99999999	0	1	9.661835749e-09	9.661835749e-09	9.661835749e-09	9.661835749e-09
3	9	0.25	AC/CT/AC	0.99999999	0	1	9.661835749e-09	9.661835749e-09	9.661835749e-09	9.661835749e-09
3	9	1	AC/GG/AC	1e-08	1	0	9.661835749e-09	9.661835749e-09	9.661835749e-09	9.661835749e-09
4	9	0	AC/GT/AC	0.99999999	0	1	1e-26	1e-26	1e-26	1e-26
3	9	1	AC/TT/AC	1e-08	1	0	9.661835749e-09	9.661835749e-09	9.661835749e-09	9.661835749e-09
3	9	1	AG/AA/AC	1e-08	1	0	1e-06	1e-06	1e-06	1e-06
3	9	1	AG/AC/AC	1e-08	1	0	1e-06	1e-06	1e-06	1e-06
3	9	0.25	AG/AG/AC	0.99999999	0	1	9.661835749e-09	9.661835749e-09	9.661835749e-09	9.661835749e-09
4	9	0	AG/AT/AC	0.99999999	0	1	1e-26	1e-26	1e-26	1e-26
3	9	1	AG/CC/AC	1e-08	1	0	1e-06	1e-06	1e-06	1e-06
3	9	0.25	AG/CG/AC	0.99999999	0	1	9.661835749e-09	9.661835749e-09	9.661835749e-09	9.661835749e-09
4	9	0	AG/CT/AC	0.99999999	0	1	1e-26	1e-26	1e-26	1e-26
3	9	0.5	AG/GG/AC	0.99999999	0	1	9.661835749e-09	9.661835749e-09	9.661835749e-09	9.661835749e-09
4	9	0	AG/GT/AC	0.99999999	0	1	1e-26	1e-26	1e-26	1e-26
4	9	0	AG/TT/AC	0.99999999	0	1	1e-26	1e-26	1e-26	1e-26
3	9	1	AT/AA/AC	1e-08	1	0	1e-06	1e-06	1e-06	1e-06
3	9	1	AT/AC/AC	1e-08	1	0	1e-06	1e-06	1e-06	1e-06
4	9	0	AT/AG/AC	0.99999999	0	1	1e-26	1e-26	1e-26	1e-26
3	9	0.25	AT/AT/AC	0.99999999	0	1	9.661835749e-09	9.661835749e-09	9.661835749e-09	9.661835749e-09
3	9	1	AT/CC/AC	1e-08	1	0	1e-06	1e-06	1e-06	1e-06
4	9	0	AT/CG/AC	0.99999999	0	1	1e-26	1e-26	1e-26	1e-26
3	9	0.25	AT/CT/AC	0.99999999	0	1	9.661835749e-09	9.661835749e-09	9.661835749e-09	9.661835749e-09
4	9	0	AT/GG/AC	0.99999999	0	1	1e-26	1e-26	1e-26	1e-26
4	9	0	AT/GT/AC	0.99999999	0	1	1e-26	1e-26	1e-26	1e-26
3	9	0.5	AT/TT/AC	0.99999999	0	1	9.661835749e-09	9.661835749e-09	9.661835749e-09	9.661835749e-09
2	5	1	CC/AA/AC	1e-08	1	0	0.0004776	0.0001592	9.661835749e-09	9.661835749e-09
2	9	0.25	CC/AC/AC	0.99999999	0	1	0.0003184	0.0003184	9.661835749e-09	9.661835749e-09
3	9	1	CC/AG/AC	1e-08	1	0	9.661835749e-09	9.661835749e-09	9.661835749e-09	9.661835749e-09
3	9	1	CC/AT/AC	1e-08	1	0	9.661835749e-09	9.661835749e-09	9.661835749e-09	9.661835749e-09
2	7	0.5	CC/CC/AC	0.99999999	0	1	0.0001592	0.0004776	9.661835749e-09	9.661835749e-09
3	9	0.25	CC/CG/AC	0.99999999	0	1	9.661835749e-09	9.661835749e-09	9.661835749e-09	9.661835749e-09
3	9	0.25	CC/CT/AC	0.99999999	0	1	9.661835749e-09	9.661835749e-09	9.661835749e-09	9.661835749e-09
3	9	1	CC/GG/AC	1e-08	1	0	9.661835749e-09	9.661835749e-09	9.661835749e-09	9.661835749e-09
4	9	0	CC/GT/AC	0.99999999	0	1	1e-26	1e-26	1e-26	1e-26
3	9	1	CC/TT/AC	1e-08	1	0	9.661835749e-09	9.661835749e-09	9.661835749e-09	9.661835749e-09
3	9	1	CG/AA/AC	1e-08	1	0	1e-06	1e-06	1e-06	1e-06
3	9	1	CG/AC/AC	1e-08	1	0	1e-06	1e-06	1e-06	1e-06
3	9	0.25	CG/AG/AC	0.99999999	0	1	9.661835749e-09	9.661835749e-09	9.661835749e-09	9.661835749e-09
4	9	0	CG/AT/AC	0.99999999	0	1	1e-26	1e-26	1e-26	1e-26
3	9	1	CG/CC/AC	1e-08	1	0	1e-06	1e-06	1e-06	1e-06
3	9	0.25	CG/CG/AC	0.99999999	0	1	9.661835749e-09	9.661835749e-09	9.661835749e-09	9.661835749e-09
4	9	0	CG/CT/AC	0.99999999	0	1	1e-26	1e-26	1e-26	1e-26
3	9	0.5	CG/GG/AC	0.99999999	0	1	9.661835749e-09	9.661835749e-09	9.661835749e-09	9.661835749e-09
4	9	0	CG/GT/AC	0.99999999	0	1	1e-26	1e-26	1e-26	1e-26
4	9	0	CG/TT/AC	0.99999999	0	1	1e-26	1e-26	1e-26	1e-26
3	9	1	CT/AA/AC	1e-08	1	0	1e-06	1e-06	1e-06	1e-06
3	9	1	CT/AC/AC	1e-08	1	0	1e-06	1e-06	1e-06	1e-06
4	9	0	CT/AG/AC	0.99999999	0	1	1e-26	1e-26	1e-26	1e-26
3	9	0.25	CT/AT/AC	0.99999999	0	1	9.661835749e-09	9.661835749e-09	9.661835749e-09	9.661835749e-09
3	9	1	CT/CC/AC	1e-08	1	0	1e-06	1e-06	1e-06	1e-06
4	9	0	CT/CG/AC	0.99999999	0	1	1e-26	1e-26	1e-26	1e-26
3	9	0.25	CT/CT/AC	0.99999999	0	1	9.661835749e-09	9.661835749e-09	9.661835749e-09	9.661835749e-09
4	9	0	CT/GG/AC	0.99999999	0	1	1e-26	1e-26	1e-26	1e-26
4	9	0	CT/GT/AC	0.99999999	0	1	1e-26	1e-26	1e-26	1e-26
3	9	0.5	CT/TT/AC	0.99999999	0	1	9.661835749e-09	9.661835749e-09	9.661835749e-09	9.661835749e-09
3	9	1	GG/AA/AC	1e-16	1	0	1e-06	1e-06	1e-06	1e-06
3	9	1	GG/AC/AC	1e-16	1	0	1e-06	1e-06	1e-06	1e-06
3	9	1	GG/AG/AC	1e-08	1	0	9.661835749e-09	9.661835749e-09	9.661835749e-09	9.661835749e-09
4	9	0	GG/AT/AC	0.99999999	0	1	1e-26	1e-26	1e-26	1e-26
3	9	1	GG/CC/AC	1e-16	1	0	1e-06	1e-06	1e-06	1e-06
3	9	1	GG/CG/AC	1e-08	1	0	9.661835749e-09	9.661835749e-09	9.661835749e-09	9.661835749e-09
4	9	0	GG/CT/AC	0.99999999	0	1	1e-26	1e-26	1e-26	1e-26
3	9	1	GG/GG/AC	1e-08	1	0	9.661835749e-09	9.661835749e-09	9.661835749e-09	9.661835749e-09
4	9	0	GG/GT/AC	0.99999999	0	1	1e-26	1e-26	1e-26	1e-26
4	9	0	GG/TT/AC	0.99999999	0	1	1e-26	1e-26	1e-26	1e-26
4	9	0	GT/AA/AC	0.99999999	0	1	1e-26	1e-26	1e-26	1e-26
4	9	0	GT/AC/AC	0.99999999	0	1	1e-26	1e-26	1e-26	1e-26
4	9	0	GT/AG/AC	0.99999999	0	1	1e-26	1e-26	1e-26	1e-26
4	9	0	GT/AT/AC	0.99999999	0	1	1e-26	1e-26	1e-26	1e-26
4	9	0	GT/CC/AC	0.99999999	0	1	1e-26	1e-26	1e-26	1e-26
4	9	0	GT/CG/AC	0.99999999	0	1	1e-26	1e-26	1e-26	1e-26
4	9	0	GT/CT/AC	0.99999999	0	1	1e-26	1e-26	1e-26	1e-26
4	9	0	GT/GG/AC	0.99999999	0	1	1e-26	1e-26	1e-26	1e-26
4	9	0	GT/GT/AC	0.99999999	0	1	1e-26	1e-26	1e-26	1e-26
4	9	0	GT/TT/AC	0.99999999	0	1	1e-26	1e-26	1e-26	1e-26
3	9	1	TT/AA/AC	1e-16	1	0	1e-06	1e-06	1e-06	1e-06
3	9	1	TT/AC/AC	1e-16	1	0	1e-06	1e-06	1e-06	1e-06
4	9	0	TT/AG/AC	0.99999999	0	1	1e-26	1e-26	1e-26	1e-26
3	9	1	TT/AT/AC	1e-08	1	0	9.661835749e-09	9.661835749e-09	9.661835749e-09	9.661835749e-09
3	9	1	TT/CC/AC	1e-16	1	0	1e-06	1e-06	1e-06	1e-06
4	9	0	TT/CG/AC	0.99999999	0	1	1e-26	1e-26	1e-26	1e-26
3	9	1	TT/CT/AC	1e-08	1	0	9.661835749e-09	9.661835749e-09	9.661835749e-09	9.661835749e-09
4	9	0	TT/GG/AC	0.99999999	0	1	1e-26	1e-26	1e-26	1e-26
4	9	0	TT/GT/AC	0.99999999	0	1	1e-26	1e-26	1e-26	1e-26
3	9	1	TT/TT/AC	1e-08	1	0	9.661835749e-09	9.661835749e-09	9.661835749e-09	9.661835749e-09
2	7	0.5	AA/AA/AG	0.99999999	0	1	0.0004776	9.661835749e-09	0.0001592	9.661835749e-09
3	9	0.25	AA/AC/AG	0.99999999	0	1	9.661835749e-09	9.661835749e-09	9.661835749e-09	9.661835749e-09
2	9	0.25	AA/AG/AG	0.99999999	0	1	0.0003184	9.661835749e-09	0.0003184	9.661835749e-09
3	9	0.25	AA/AT/AG	0.99999999	0	1	9.661835749e-09	9.661835749e-09	9.661835749e-09	9.661835749e-09
3	9	1	AA/CC/AG	1e-08	1	0	9.661835749e-09	9.661835749e-09	9.661835749e-09	9.661835749e-09
3	9	1	AA/CG/AG	1e-08	1	0	9.661835749e-09	9.661835749e-09	9.661835749e-09	9.661835749e-09
4	9	0	AA/CT/AG	0.99999999	0	1	1e-26	1e-26	1e-26	1e-26
2	4	1	AA/GG/AG	1e-08	1	0	0.0001592	9.661835749e-09	0.0004776	9.661835749e-09
3	9	1	AA/GT/AG	1e-08	1	0	9.661835749e-09	9.661835749e-09	9.661835749e-09	9.661835749e-09
3	9	1	AA/TT/AG	1e-08	1	0	9.661835749e-09	9.661835749e-09	9.661835749e-09	9.661835749e-09
3	9	1	AC/AA/AG	1e-08	1	0	1e-06	1e-06	1e-06	1e-06
3	9	0.25	AC/AC/AG	0.99999999	0	1	9.661835749e-09	9.661835749e-09	9.661835749e-09	9.661835749e-09
3	9	1	AC/AG/AG	1e-08	1	0	1e-06	1e-06	1e-06	1e-06
4	9	0	AC/AT/AG	0.99999999	0	1	1e-26	1e-26	1e-26	1e-26
3	9	0.5	AC/CC/AG	0.99999999	0	1	9.661835749e-09	9.661835749e-09	9.661835749e-09	9.661835749e-09
3	9	0.25	AC/CG/AG	0.99999999	0	1	9.661835749e-09	9.661835749e-09	9.661835749e-09	9.661835749e-09
4	9	0	AC/CT/AG	0.99999999	0	1	1e-26	1e-26	1e-26	1e-26
3	9	1	AC/GG/AG	1e-08	1	0	1e-06	1e-06	1e-06	1e-06
4	9	0	AC/GT/AG	0.99999999	0	1	1e-26	1e-26	1e-26	1e-26
4	9	0	AC/TT/AG	0.99999999	0	1	1e-26	1e-26	1e-26	1e-26
2	9	0.5	AG/AA/AG	0.99999999	0	1	0.0004776	9.661835749e-09	0.0001592	9.661835749e-09
3	9	0.25	AG/AC/AG	0.99999999	0	1	9.661835749e-09	9.661835749e-09	9.661835749e-09	9.661835749e-09
2	9	0.5	AG/AG/AG	0.99999999	0	1	0.0003184	9.661835749e-09	0.0003184	9.661835749e-09
3	9	0.25	AG/AT/AG	0.99999999	0	1	9.661835749e-09	9.661835749e-09	9.661835749e-09	9.661835749e-09
3	9	1	AG/CC/AG	1e-08	1	0	9.661835749e-09	9.661835749e-09	9.661835749e-09	9.661835749e-09
3	9	0.25	AG/CG/AG	0.99999999	0	1	9.661835749e-09	9.661835749e-09	9.661835749e-09	9.661835749e-09
4	9	0	AG/CT/AG	0.99999999	0	1	1e-26	1e-26	1e-26	1e-26
2	9	0.5	AG/GG/AG	0.99999999	0	1	0.0001592	9.661835749e-09	0.0004776	9.661835749e-09
3	9	0.25	AG/GT/AG	0.99999999	0	1	9.661835749e-09	9.661835749e-09	9.661835749e-09	9.661835749e-09
3	9	1	AG/TT/AG	1e-08	1	0	9.661835749e-09	9.661835749e-09	9.661835749e-09	9.661835749e-09
3	9	1	AT/AA/AG	1e-08	1	0	1e-06	1e-06	1e-06	1e-06
4	9	0	AT/AC/AG	0.99999999	0	1	1e-26	1e-26	1e-26	1e-26
3	9	1	AT/AG/AG	1e-08	1	0	1e-06	1e-06	1e-06	1e-06
3	9	0.25	AT/AT/AG	0.99999999	0	1	9.661835749e-09	9.661835749e-09	9.661835749e-09	9.661835749e-09
4	9	0	AT/CC/AG	0.99999999	0	1	1e-26	1e-26	1e-26	1e-26
4	9	0	AT/CG/AG	0.99999999	0	1	1e-26	1e-26	1e-26	1e-26
4	9	0	AT/CT/AG	0.99999999	0	1	1e-26	1e-26	1e-26	1e-26
3	9	1	AT/GG/AG	1e-08	1	0	1e-06	1e-06	1e-06	1e-06
3	9	0.25	AT/GT/AG	0.99999999	0	1	9.661835749e-09	9.661835749e-09	9.661835749e-09	9.661835749e-09
3	9	0.5	AT/TT/AG	0.99999999	0	1	9.661835749e-09	9.661835749e-09	9.661835749e-09	9.661835749e-09
3	9	1	CC/AA/AG	1e-16	1	0	1e-06	1e-06	1e-06	1e-06
3	9	1	CC/AC/AG	1e-08	1	0	9.661835749e-09	9.661835749e-09	9.661835749e-09	9.661835749e-09
3	9	1	CC/AG/AG	1e-16	1	0	1e-06	1e-06	1e-06	1e-06
4	9	0	CC/AT/AG	0.99999999	0	1	1e-26	1e-26	1e-26	1e-26
3	9	1	CC/CC/AG	1e-08	1	0	9.661835749e-09	9.661835749e-09	9.661835749e-09	9.661835749e-09
3	9	1	CC/CG/AG	1e-08	1	0	9.661835749e-09	9.661835749e-09	9.661835749e-09	9.661835749e-09
4	9	0	CC/CT/AG	0.99999999	0	1	1e-26	1e-26	1e-26	1e-26
3	9	1	CC/GG/AG	1e-16	1	0	1e-06	1e-06	1e-06	1e-06
4	9	0	CC/GT/AG	0.99999999	0	1	1e-26	1e-26	1e-26	1e-26
4	9	0	CC/TT/AG	0.99999999	0	1	1e-26	1e-26	1e-26	1e-26
3	9	1	CG/AA/AG	1e-08	1	0	1e-06	1e-06	1e-06	1e-06
3	9	0.25	CG/AC/AG	0.99999999	0	1	9.661835749e-09	9.661835749e-09	9.661835749e-09	9.661835749e-09
3	9	1	CG/AG/AG	1e-08	1	0	1e-06	1e-06	1e-06	1e-06
4	9	0	CG/AT/AG	0.99999999	0	1	1e-26	1e-26	1e-26	1e-26
3	9	0.5	CG/CC/AG	0.99999999	0	1	9.661835749e-09	9.661835749e-09	9.661835749e-09	9.661835749e-09
3	9	0.25	CG/CG/AG	0.99999999	0	1	9.661835749e-09	9.661835749e-09	9.661835749e-09	9.661835749e-09
4	9	0	CG/CT/AG	0.99999999	0	1	1e-26	1e-26	1e-26	1e-26
3	9	1	CG/GG/AG	1e-08	1	0	1e-06	1e-06	1e-06	1e-06
4	9	0	CG/GT/AG	0.99999999	0	1	1e-26	1e-26	1e-26	1e-26
4	9	0	CG/TT/AG	0.99999999	0	1	1e-26	1e-26	1e-26	1e-26
4	9	0	CT/AA/AG	0.99999999	0	1	1e-26	1e-26	1e-26	1e-26
4	9	0	CT/AC/AG	0.99999999	0	1	1e-26	1e-26	1e-26	1e-26
4	9	0	CT/AG/AG	0.99999999	0	1	1e-26	1e-26	1e-26	1e-26
4	9	0	CT/AT/AG	0.99999999	0	1	1e-26	1e-26	1e-26	1e-26
4	9	0	CT/CC/AG	0.99999999	0	1	1e-26	1e-26	1e-26	1e-26
4	9	0	CT/CG/AG	0.99999999	0	1	1e-26	1e-26	1e-26	1e-26
4	9	0	CT/CT/AG	0.99999999	0	1	1e-26	1e-26	1e-26	1e-26
4	9	0	CT/GG/AG	0.99999999	0	1	1e-26	1e-26	1e-26	1e-26
4	9	0	CT/GT/AG	0.99999999	0	1	1e-26	1e-26	1e-26	1e-26
4	9	0	CT/TT/AG	0.99999999	0	1	1e-26	1e-26	1e-26	1e-26
2	4	1	GG/AA/AG	1e-08	1	0	0.0004776	9.661835749e-09	0.0001592	9.661835749e-09
3	9	1	GG/AC/AG	1e-08	1	0	9.661835749e-09	9.661835749e-09	9.661835749e-09	9.661835749e-09
2	9	0.25	GG/AG/AG	0.99999999	0	1	0.0003184	9.661835749e-09	0.0003184	9.661835749e-09
3	9	1	GG/AT/AG	1e-08	1	0	9.661835749e-09	9.661835749e-09	9.661835749e-09	9.661835749e-09
3	9	1	GG/CC/AG	1e-08	1	0	9.661835749e-09	9.661835749e-09	9.661835749e-09	9.661835749e-09
3	9	0.25	GG/CG/AG	0.99999999	0	1	9.661835749e-09	9.661835749e-09	9.661835749e-09	9.661835749e-09
4	9	0	GG/CT/AG	0.99999999	0	1	1e-26	1e-26	1e-26	1e-26
2	7	0.5	GG/GG/AG	0.99999999	0	1	0.0001592	9.661835749e-09	0.0004776	9.661835749e-09
3	9	0.25	GG/GT/AG	0.99999999	0	1	9.661835749e-09	9.661835749e-09	9.661835749e-09	9.661835749e-09
3	9	1	GG/TT/AG	1e-08	1	0	9.661835749e-09	9.661835749e-09	9.661835749e-09	9.661835749e-09
3	9	1	GT/AA/AG	1e-08	1	0	1e-06	1e-06	1e-06	1e-06
4	9	0	GT/AC/AG	0.99999999	0	1	1e-26	1e-26	1e-26	1e-26
3	9	1	GT/AG/AG	1e-08	1	0	1e-06	1e-06	1e-06	1e-06
3	9	0.25	GT/AT/AG	0.99999999	0	1	9.661835749e-09	9.661835749e-09	9.661835749e-09	9.661835749e-09
4	9	0	GT/CC/AG	0.99999999	0	1	1e-26	1e-26	1e-26	1e-26
4	9	0	GT/CG/AG	0.99999999	0	1	1e-26	1e-26	1e-26	1e-26
4	9	0	GT/CT/AG	0.99999999	0	1	1e-26	1e-26	1e-26	1e-26
3	9	1	GT/GG/AG	1e-08	1	0	1e-06	1e-06	1e-06	1e-06
3	9	0.25	GT/GT/AG	0.99999999	0	1	9.661835749e-09	9.661835749e-09	9.661835749e-09	9.661835749e-09
3	9	0.5	GT/TT/AG	0.99999999	0	1	9.661835749e-09	9.661835749e-09	9.661835749e-09	9.661835749e-09
3	9	1	TT/AA/AG	1e-16	1	0	1e-06	1e-06	1e-06	1e-06
4	9	0	TT/AC/AG	0.99999999	0	1	1e-26	1e-26	1e-26	1e-26
3	9	1	TT/AG/AG	1e-16	1	0	1e-06	1e-06	1e-06	1e-06
3	9	1	TT/AT/AG	1e-08	1	0	9.661835749e-09	9.661835749e-09	9.661835749e-09	9.661835749e-09
4	9	0	TT/CC/AG	0.99999999	0	1	1e-26	1e-26	1e-26	1e-26
4	9	0	TT/CG/AG	0.99999999	0	1	1e-26	1e-26	1e-26	1e-26
4	9	0	TT/CT/AG	0.99999999	0	1	1e-26	1e-26	1e-26	1e-26
3	9	1	TT/GG/AG	1e-16	1	0	1e-06	1e-06	1e-06	1e-06
3	9	1	TT/GT/AG	1e-08	1	0	9.661835749e-09	9.661835749e-09	9.661835749e-09	9.661835749e-09
3	9	1	TT/TT/AG	1e-08	1	0	9.661835749e-09	9.661835749e-09	9.661835749e-09	9.661835749e-09
2	7	0.5	AA/AA/AT	0.99999999	0	1	0.0004776	9.661835749e-09	9.661835749e-09	0.0001592
3	9	0.25	AA/AC/AT	0.99999999	0	1	9.661835749e-09	9.661835749e-09	9.661835749e-09	9.661835749e-09
3	9	0.25	AA/AG/AT	0.99999999	0	1	9.661835749e-09	9.661835749e-09	9.661835749e-09	9.661835749e-09
2	9	0.25	AA/AT/AT	0.99999999	0	1	0.0003184	9.661835749e-09	9.661835749e-09	0.0003184
3	9	1	AA/CC/AT	1e-08	1	0	9.661835749e-09	9.661835749e-09	9.661835749e-09	9.661835749e-09
4	9	0	AA/CG/AT	0.99999999	0	1	1e-26	1e-26	1e-26	1e-26
3	9	1	AA/CT/AT	1e-08	1	0	9.661835749e-09	9.661835749e-09	9.661835749e-09	9.661835749e-09
3	9	1	AA/GG/AT	1e-08	1	0	9.661835749e-09	9.661835749e-09	9.661835749e-09	9.661835749e-09
3	9	1	AA/GT/AT	1e-08	1	0	9.661835749e-09	9.661835749e-09	9.661835749e-09	9.661835749e-09
2	5	1	AA/TT/AT	1e-08	1	0	0.0001592	9.661835749e-09	9.661835749e-09	0.0004776
3	9	1	AC/AA/AT	1e-08	1	0	1e-06	1e-06	1e-06	1e-06
3	9	0.25	AC/AC/AT	0.99999999	0	1	9.661835749e-09	9.661835749e-09	9.661835749e-09	9.661835749e-09
4	9	0	AC/AG/AT	0.99999999	0	1	1e-26	1e-26	1e-26	1e-26
3	9	1	AC/AT/AT	1e-08	1	0	1e-06	1e-06	1e-06	1e-06
3	9	0.5	AC/CC/AT	0.99999999	0	1	9.661835749e-09	9.661835749e-09	9.661835749e-09	9.661835749e-09
4	9	0	AC/CG/AT	0.99999999	0	1	1e-26	1e-26	1e-26	1e-26
3	9	0.25	AC/CT/AT	0.99999999	0	1	9.661835749e-09	9.661835749e-09	9.661835749e-09	9.661835749e-09
4	9	0	AC/GG/AT	0.99999999	0	1	1e-26	1e-26	1e-26	1e-26
4	9	0	AC/GT/AT	0.99999999	0	1	1e-26	1e-26	1e-26	1e-26
3	9	1	AC/TT/AT	1e-08	1	0	1e-06	1e-06	1e-06	1e-06
3	9	1	AG/AA/AT	1e-08	1	0	1e-06	1e-06	1e-06	1e-06
4	9	0	AG/AC/AT	0.99999999	0	1	1e-26	1e-26	1e-26	1e-26
3	9	0.25	AG/AG/AT	0.99999999	0	1	9.661835749e-09	9.661835749e-09	9.661835749e-09	9.661835749e-09
3	9	1	AG/AT/AT	1e-08	1	0	1e-06	1e-06	1e-06	1e-06
4	9	0	AG/CC/AT	0.99999999	0	1	1e-26	1e-26	1e-26	1e-26
4	9	0	AG/CG/AT	0.99999999	0	1	1e-26	1e-26	1e-26	1e-26
4	9	0	AG/CT/AT	0.99999999	0	1	1e-26	1e-26	1e-26	1e-26
3	9	0.5	AG/GG/AT	0.99999999	0	1	9.661835749e-09	9.661835749e-09	9.661835749e-09	9.661835749e-09
3	9	0.25	AG/GT/AT	0.99999999	0	1	9.661835749e-09	9.661835749e-09	9.661835749e-09	9.661835749e-09
3	9	1	AG/TT/AT	1e-08	1	0	1e-06	1e-06	1e-06	1e-06
2	9	0.5	AT/AA/AT	0.99999999	0	1	0.0004776	9.661835749e-09	9.661835749e-09	0.0001592
3	9	0.25	AT/AC/AT	0.99999999	0	1	9.661835749e-09	9.661835749e-09	9.661835749e-09	9.661835749e-09
3	9	0.25	AT/AG/AT	0.99999999	0	1	9.661835749e-09	9.661835749e-09	9.661835749e-09	9.661835749e-09
2	9	0.5	AT/AT/AT	0.99999999	0	1	0.0003184	9.661835749e-09	9.661835749e-09	0.0003184
3	9	1	AT/CC/AT	1e-08	1	0	9.661835749e-09	9.661835749e-09	9.661835749e-09	9.661835749e-09
4	9	0	AT/CG/AT	0.99999999	0	1	1e-26	1e-26	1e-26	1e-26
3	9	0.25	AT/CT/AT	0.99999999	0	1	9.661835749e-09	9.661835749e-09	9.661835749e-09	9.661835749e-09
3	9	1	AT/GG/AT	1e-08	1	0	9.661835749e-09	9.661835749e-09	9.661835749e-09	9.661835749e-09
3	9	0.25	AT/GT/AT	0.99999999	0	1	9.661835749e-09	9.661835749e-09	9.661835749e-09	9.661835749e-09
2	9	0.5	AT/TT/AT	0.99999999	0	1	0.0001592	9.661835749e-09	9.661835749e-09	0.0004776
3	9	1	CC/AA/AT	1e-16	1	0	1e-06	1e-06	1e-06	1e-06
3	9	1	CC/AC/AT	1e-08	1	0	9.661835749e-09	9.661835749e-09	9.661835749e-09	9.661835749e-09
4	9	0	CC/AG/AT	0.99999999	0	1	1e-26	1e-26	1e-26	1e-26
3	9	1	CC/AT/AT	1e-16	1	0	1e-06	1e-06	1e-06	1e-06
3	9	1	CC/CC/AT	1e-08	1	0	9.661835749e-09	9.661835749e-09	9.661835749e-09	9.661835749e-09
4	9	0	CC/CG/AT	0.99999999	0	1	1e-26	1e-26	1e-26	1e-26
3	9	1	CC/CT/AT	1e-08	1	0	9.661835749e-09	9.661835749e-09	9.661835749e-09	9.661835749e-09
4	9	0	CC/GG/AT	0.99999999	0	1	1e-26	1e-26	1e-26	1e-26
4	9	0	CC/GT/AT	0.99999999	0	1	1e-26	1e-26	1e-26	1e-26
3	9	1	CC/TT/AT	1e-16	1	0	1e-06	1e-06	1e-06	1e-06
4	9	0	CG/AA/AT	0.99999999	0	1	1e-26	1e-26	1e-26	1e-26
4	9	0	CG/AC/AT	0.99999999	0	1	1e-26	1e-26	1e-26	1e-26
4	9	0	CG/AG/AT	0.99999999	0	1	1e-26	1e-26	1e-26	1e-26
4	9	0	CG/AT/AT	0.99999999	0	1	1e-26	1e-26	1e-26	1e-26
4	9	0	CG/CC/AT	0.99999999	0	1	1e-26	1e-26	1e-26	1e-26
4	9	0	CG/CG/AT	0.99999999	0	1	1e-26	1e-26	1e-26	1e-26
4	9	0	CG/CT/AT	0.99999999	0	1	1e-26	1e-26	1e-26	1e-26
4	9	0	CG/GG/AT	0.99999999	0	1	1e-26	1e-26	1e-26	1e-26
4	9	0	CG/GT/AT	0.99999999	0	1	1e-26	1e-26	1e-26	1e-26
4	9	0	CG/TT/AT	0.99999999	0	1	1e-26	1e-26	1e-26	1e-26
3	9	1	CT/AA/AT	1e-08	1	0	1e-06	1e-06	1e-06	1e-06
3	9	0.25	CT/AC/AT	0.99999999	0	1	9.661835749e-09	9.661835749e-09	9.661835749e-09	9.661835749e-09
4	9	0	CT/AG/AT	0.99999999	0	1	1e-26	1e-26	1e-26	1e-26
3	9	1	CT/AT/AT	1e-08	1	0	1e-06	1e-06	1e-06	1e-06
3	9	0.5	CT/CC/AT	0.99999999	0	1	9.661835749e-09	9.661835749e-09	9.661835749e-09	9.661835749e-09
4	9	0	CT/CG/AT	0.99999999	0	1	1e-26	1e-26	1e-26	1e-26
3	9	0.25	CT/CT/AT	0.99999999	0	1	9.661835749e-09	9.661835749e-09	9.661835749e-09	9.661835749e-09
4	9	0	CT/GG/AT	0.99999999	0	1	1e-26	1e-26	1e-26	1e-26
4	9	0	CT/GT/AT	0.99999999	0	1	1e-26	1e-26	1e-26	1e-26
3	9	1	CT/TT/AT	1e-08	1	0	1e-06	1e-06	1e-06	1e-06
3	9	1	GG/AA/AT	1e-16	1	0	1e-06	1e-06	1e-06	1e-06
4	9	0	GG/AC/AT	0.99999999	0	1	1e-26	1e-26	1e-26	1e-26
3	9	1	GG/AG/AT	1e-08	1	0	9.661835749e-09	9.661835749e-09	9.661835749e-09	9.661835749e-09
3	9	1	GG/AT/AT	1e-16	1	0	1e-06	1e-06	1e-06	1e-06
4	9	0	GG/CC/AT	0.99999999	0	1	1e-26	1e-26	1e-26	1e-26
4	9	0	GG/CG/AT	0.99999999	0	1	1e-26	1e-26	1e-26	1e-26
4	9	0	GG/CT/AT	0.99999999	0	1	1e-26	1e-26	1e-26	1e-26
3	9	1	GG/GG/AT	1e-08	1	0	9.661835749e-09	9.661835749e-09	9.661835749e-09	9.661835749e-09
3	9	1	GG/GT/AT	1e-08	1	0	9.661835749e-09	9.661835749e-09	9.661835749e-09	9.661835749e-09
3	9	1	GG/TT/AT	1e-16	1	0	1e-06	1e-06	1e-06	1e-06
3	9	1	GT/AA/AT	1e-08	1	0	1e-06	1e-06	1e-06	1e-06
4	9	0	GT/AC/AT	0.99999999	0	1	1e-26	1e-26	1e-26	1e-26
3	9	0.25	GT/AG/AT	0.99999999	0	1	9.661835749e-09	9.661835749e-09	9.661835749e-09	9.661835749e-09
3	9	1	GT/AT/AT	1e-08	1	0	1e-06	1e-06	1e-06	1e-06
4	9	0	GT/CC/AT	0.99999999	0	1	1e-26	1e-26	1e-26	1e-26
4	9	0	GT/CG/AT	0.99999999	0	1	1e-26	1e-26	1e-26	1e-26
4	9	0	GT/CT/AT	0.99999999	0	1	1e-26	1e-26	1e-26	1e-26
3	9	0.5	GT/GG/AT	0.99999999	0	1	9.661835749e-09	9.661835749e-09	9.661835749e-09	9.661835749e-09
3	9	0.25	GT/GT/AT	0.99999999	0	1	9.661835749e-09	9.661835749e-09	9.661835749e-09	9.661835749e-09
3	9	1	GT/TT/AT	1e-08	1	0	1e-06	1e-06	1e-06	1e-06
2	5	1	TT/AA/AT	1e-08	1	0	0.0004776	9.661835749e-09	9.661835749e-09	0.0001592
3	9	1	TT/AC/AT	1e-08	1	0	9.661835749e-09	9.661835749e-09	9.661835749e-09	9.661835749e-09
3	9	1	TT/AG/AT	1e-08	1	0	9.661835749e-09	9.661835749e-09	9.661835749e-09	9.661835749e-09
2	9	0.25	TT/AT/AT	0.99999999	0	1	0.0003184	9.661835749e-09	9.661835749e-09	0.0003184
3	9	1	TT/CC/AT	1e-08	1	0	9.661835749e-09	9.661835749e-09	9.661835749e-09	9.661835749e-09
4	9	0	TT/CG/AT	0.99999999	0	1	1e-26	1e-26	1e-26	1e-26
3	9	0.25	TT/CT/AT	0.99999999	0	1	9.661835749e-09	9.661835749e-09	9.661835749e-09	9.661835749e-09
3	9	1	TT/GG/AT	1e-08	1	0	9.661835749e-09	9.661835749e-09	9.661835749e-09	9.661835749e-09
3	9	0.25	TT/GT/AT	0.99999999	0	1	9.661835749e-09	9.661835749e-09	9.661835749e-09	9.661835749e-09
2	7	0.5	TT/TT/AT	0.99999999	0	1	0.0001592	9.661835749e-09	9.661835749e-09	0.0004776
2	5	1	AA/AA/CC	1e-08	1	0	7.96e-05	7.96e-05	9.661835749e-09	9.661835749e-09
2	5	1	AA/AC/CC	1e-08	1	0	0.0001592	0.0004776	9.661835749e-09	9.661835749e-09
3	9	1	AA/AG/CC	1e-08	1	0	9.661835749e-09	9.661835749e-09	9.661835749e-09	9.661835749e-09
3	9	1	AA/AT/CC	1e-08	1	0	9.661835749e-09	9.661835749e-09	9.661835749e-09	9.661835749e-09
2	3	1	AA/CC/CC	1e-16	1	0	0.0002388	0.99301	0.0002388	0.0002388
3	9	1	AA/CG/CC	1e-16	1	0	1e-06	1e-06	1e-06	1e-06
3	9	1	AA/CT/CC	1e-16	1	0	1e-06	1e-06	1e-06	1e-06
3	9	1	AA/GG/CC	1e-16	1	0	1e-06	1e-06	1e-06	1e-06
4	9	0	AA/GT/CC	0.99999999	0	1	1e-26	1e-26	1e-26	1e-26
3	9	1	AA/TT/CC	1e-16	1	0	1e-06	1e-06	1e-06	1e-06
2	9	1	AC/AA/CC	0.99999999	0	1	7.96e-05	7.96e-05	9.661835749e-09	9.661835749e-09
2	9	0.5	AC/AC/CC	0.99999999	0	1	0.0001592	0.0004776	9.661835749e-09	9.661835749e-09
3	9	0.5	AC/AG/CC	0.99999999	0	1	9.661835749e-09	9.661835749e-09	9.661835749e-09	9.661835749e-09
3	9	0.5	AC/AT/CC	0.99999999	0	1	9.661835749e-09	9.661835749e-09	9.661835749e-09	9.661835749e-09
2	5	1	AC/CC/CC	1e-08	1	0	0.0002388	0.99301	0.0002388	0.0002388
3	9	1	AC/CG/CC	1e-08	1	0	1e-06	1e-06	1e-06	1e-06
3	9	1	AC/CT/CC	1e-08	1	0	1e-06	1e-06	1e-06	1e-06
3	9	1	AC/GG/CC	1e-08	1	0	1e-06	1e-06	1e-06	1e-06
4	9	0	AC/GT/CC	0.99999999	0	1	1e-26	1e-26	1e-26	1e-26
3	9	1	AC/TT/CC	1e-08	1	0	1e-06	1e-06	1e-06	1e-06
3	9	1	AG/AA/CC	1e-08	1	0	1e-06	1e-06	1e-06	1e-06
3	9	1	AG/AC/CC	1e-08	1	0	1e-06	1e-06	1e-06	1e-06
3	9	1	AG/AG/CC	1e-08	1	0	9.661835749e-09	9.661835749e-09	9.661835749e-09	9.661835749e-09
4	9	0	AG/AT/CC	0.99999999	0	1	1e-26	1e-26	1e-26	1e-26
3	9	1	AG/CC/CC	1e-16	1	0	1e-06	1e-06	1e-06	1e-06
3	9	1	AG/CG/CC	1e-08	1	0	1e-06	1e-06	1e-06	1e-06
4	9	0	AG/CT/CC	0.99999999	0	1	1e-26	1e-26	1e-26	1e-26
3	9	1	AG/GG/CC	1e-08	1	0	1e-06	1e-06	1e-06	1e-06
4	9	0	AG/GT/CC	0.99999999	0	1	1e-26	1e-26	1e-26	1e-26
4	9	0	AG/TT/CC	0.99999999	0	1	1e-26	1e-26	1e-26	1e-26
3	9	1	AT/AA/CC	1e-08	1	0	1e-06	1e-06	1e-06	1e-06
3	9	1	AT/AC/CC	1e-08	1	0	1e-06	1e-06	1e-06	1e-06
4	9	0	AT/AG/CC	0.99999999	0	1	1e-26	1e-26	1e-26	1e-26
3	9	1	AT/AT/CC	1e-08	1	0	9.661835749e-09	9.661835749e-09	9.661835749e-09	9.661835749e-09
3	9	1	AT/CC/CC	1e-16	1	0	1e-06	1e-06	1e-06	1e-06
4	9	0	AT/CG/CC	0.99999999	0	1	1e-26	1e-26	1e-26	1e-26
3	9	1	AT/CT/CC	1e-08	1	0	1e-06	1e-06	1e-06	1e-06
4	9	0	AT/GG/CC	0.99999999	0	1	1e-26	1e-26	1e-26	1e-26
4	9	0	AT/GT/CC	0.99999999	0	1	1e-26	1e-26	1e-26	1e-26
3	9	1	AT/TT/CC	1e-08	1	0	1e-06	1e-06	1e-06	1e-06
2	5	1	CC/AA/CC	1e-08	1	0	7.96e-05	7.96e-05	9.661835749e-09	9.661835749e-09
2	8	0.5	CC/AC/CC	0.99999999	0	1	0.0001592	0.0004776	9.661835749e-09	9.661835749e-09
3	9	1	CC/AG/CC	1e-08	1	0	9.661835749e-09	9.661835749e-09	9.661835749e-09	9.661835749e-09
3	9	1	CC/AT/CC	1e-08	1	0	9.661835749e-09	9.661835749e-09	9.661835749e-09	9.661835749e-09
1	6	1	CC/CC/CC	0.99999999	0	1	0.0002388	0.99301	0.0002388	0.0002388
2	8	0.5	CC/CG/CC	0.99999999	0	1	9.661835749e-09	0.0004776	0.0001592	9.661835749e-09
2	8	0.5	CC/CT/CC	0.99999999	0	1	9.661835749e-09	0.0004776	9.661835749e-09	0.0001592
2	5	1	CC/GG/CC	1e-08	1	0	9.661835749e-09	7.96e-05	7.96e-05	9.661835749e-09
3	9	1	CC/GT/CC	1e-08	1	0	9.661835749e-09	9.661835749e-09	9.661835749e-09	9.661835749e-09
2	4	1	CC/TT/CC	1e-08	1	0	9.661835749e-09	7.96e-05	9.661835749e-09	7.96e-05
3	9	1	CG/AA/CC	1e-08	1	0	1e-06	1e-06	1e-06	1e-06
3	9	1	CG/AC/CC	1e-08	1	0	1e-06	1e-06	1e-06	1e-06
3	9	0.5	CG/AG/CC	0.99999999	0	1	9.661835749e-09	9.661835749e-09	9.661835749e-09	9.661835749e-09
4	9	0	CG/AT/CC	0.99999999	0	1	1e-26	1e-26	1e-26	1e-26
2	5	1	CG/CC/CC	1e-08	1	0	0.0002388	0.99301	0.0002388	0.0002388
2	9	0.5	CG/CG/CC	0.99999999	0	1	9.661835749e-09	0.0004776	0.0001592	9.661835749e-09
3	9	1	CG/CT/CC	1e-08	1	0	1e-06	1e-06	1e-06	1e-06
2	9	1	CG/GG/CC	0.99999999	0	1	9.661835749e-09	7.96e-05	7.96e-05	9.661835749e-09
3	9	0.5	CG/GT/CC	0.99999999	0	1	9.661835749e-09	9.661835749e-09	9.661835749e-09	9.661835749e-09
3	9	1	CG/TT/CC	1e-08	1	0	1e-06	1e-06	1e-06	1e-06
3	9	1	CT/AA/CC	1e-08	1	0	1e-06	1e-06	1e-06	1e-06
3	9	1	CT/AC/CC	1e-08	1	0	1e-06	1e-06	1e-06	1e-06
4	9	0	CT/AG/CC	0.99999999	0	1	1e-26	1e-26	1e-26	1e-26
3	9	0.5	CT/AT/CC	0.99999999	0	1	9.661835749e-09	9.661835749e-09	9.661835749e-09	9.661835749e-09
2	4	2	CT/CC/CC	1e-08	1	0	1e-06	0.99761	1e-06	0.002388
3	9	1	CT/CG/CC	1e-08	1	0	1e-06	1e-06	1e-06	1e-06
2	9	0.5	CT/CT/CC	0.99999999	0	1	9.661835749e-09	0.0004776	9.661835749e-09	0.0001592
3	9	1	CT/GG/CC	1e-08	1	0	1e-06	1e-06	1e-06	1e-06
3	9	0.5	CT/GT/CC	0.99999999	0	1	9.661835749e-09	9.661835749e-09	9.661835749e-09	9.661835749e-09
2	9	1	CT/TT/CC	0.99999999	0	1	9.661835749e-09	7.96e-05	9.661835749e-09	7.96e-05
3	9	1	GG/AA/CC	1e-16	1	0	1e-06	1e-06	1e-06	1e-06
3	9	1	GG/AC/CC	1e-16	1	0	1e-06	1e-06	1e-06	1e-06
3	9	1	GG/AG/CC	1e-08	1	0	9.661835749e-09	9.661835749e-09	9.661835749e-09	9.661835749e-09
4	9	0	GG/AT/CC	0.99999999	0	1	1e-26	1e-26	1e-26	1e-26
2	3	1	GG/CC/CC	1e-16	1	0	0.0002388	0.99301	0.0002388	0.0002388
2	5	1	GG/CG/CC	1e-08	1	0	9.661835749e-09	0.0004776	0.0001592	9.661835749e-09
3	9	1	GG/CT/CC	1e-16	1	0	1e-06	1e-06	1e-06	1e-06
2	5	1	GG/GG/CC	1e-08	1	0	9.661835749e-09	7.96e-05	7.96e-05	9.661835749e-09
3	9	1	GG/GT/CC	1e-08	1	0	9.661835749e-09	9.661835749e-09	9.661835749e-09	9.661835749e-09
3	9	1	GG/TT/CC	1e-16	1	0	1e-06	1e-06	1e-06	1e-06
4	9	0	GT/AA/CC	0.99999999	0	1	1e-26	1e-26	1e-26	1e-26
4	9	0	GT/AC/CC	0.99999999	0	1	1e-26	1e-26	1e-26	1e-26
4	9	0	GT/AG/CC	0.99999999	0	1	1e-26	1e-26	1e-26	1e-26
4	9	0	GT/AT/CC	0.99999999	0	1	1e-26	1e-26	1e-26	1e-26
3	9	1	GT/CC/CC	1e-16	1	0	1e-06	1e-06	1e-06	1e-06
3	9	1	GT/CG/CC	1e-08	1	0	1e-06	1e-06	1e-06	1e-06
3	9	1	GT/CT/CC	1e-08	1	0	1e-06	1e-06	1e-06	1e-06
3	9	1	GT/GG/CC	1e-08	1	0	1e-06	1e-06	1e-06	1e-06
3	9	1	GT/GT/CC	1e-08	1	0	9.661835749e-09	9.661835749e-09	9.661835749e-09	9.661835749e-09
3	9	1	GT/TT/CC	1e-08	1	0	1e-06	1e-06	1e-06	1e-06
3	9	1	TT/AA/CC	1e-16	1	0	1e-06	1e-06	1e-06	1e-06
3	9	1	TT/AC/CC	1e-16	1	0	1e-06	1e-06	1e-06	1e-06
4	9	0	TT/AG/CC	0.99999999	0	1	1e-26	1e-26	1e-26	1e-26
3	9	1	TT/AT/CC	1e-08	1	0	9.661835749e-09	9.661835749e-09	9.661835749e-09	9.661835749e-09
2	3	1	TT/CC/CC	1e-16	1	0	0.0002388	0.99301	0.0002388	0.0002388
3	9	1	TT/CG/CC	1e-16	1	0	1e-06	1e-06	1e-06	1e-06
2	4	1	TT/CT/CC	1e-08	1	0	9.661835749e-09	0.0004776	9.661835749e-09	0.0001592
3	9	1	TT/GG/CC	1e-16	1	0	1e-06	1e-06	1e-06	1e-06
3	9	1	TT/GT/CC	1e-08	1	0	9.661835749e-09	9.661835749e-09	9.661835749e-09	9.661835749e-09
2	4	1	TT/TT/CC	1e-08	1	0	9.661835749e-09	7.96e-05	9.661835749e-09	7.96e-05
3	9	1	AA/AA/CG	1e-08	1	0	9.661835749e-09	9.661835749e-09	9.661835749e-09	9.661835749e-09
3	9	1	AA/AC/CG	1e-08	1	0	9.661835749e-09	9.661835749e-09	9.661835749e-09	9.661835749e-09
3	9	1	AA/AG/CG	1e-08	1	0	9.661835749e-09	9.661835749e-09	9.661835749e-09	9.661835749e-09
4	9	0	AA/AT/CG	0.99999999	0	1	1e-26	1e-26	1e-26	1e-26
3	9	1	AA/CC/CG	1e-16	1	0	1e-06	1e-06	1e-06	1e-06
3	9	1	AA/CG/CG	1e-16	1	0	1e-06	1e-06	1e-06	1e-06
4	9	0	AA/CT/CG	0.99999999	0	1	1e-26	1e-26	1e-26	1e-26
3	9	1	AA/GG/CG	1e-16	1	0	1e-06	1e-06	1e-06	1e-06
4	9	0	AA/GT/CG	0.99999999	0	1	1e-26	1e-26	1e-26	1e-26
4	9	0	AA/TT/CG	0.99999999	0	1	1e-26	1e-26	1e-26	1e-26
3	9	0.5	AC/AA/CG	0.99999999	0	1	9.661835749e-09	9.661835749e-09	9.661835749e-09	9.661835749e-09
3	9	0.25	AC/AC/CG	0.99999999	0	1	9.661835749e-09	9.661835749e-09	9.661835749e-09	9.661835749e-09
3	9	0.25	AC/AG/CG	0.99999999	0	1	9.661835749e-09	9.661835749e-09	9.661835749e-09	9.661835749e-09
4	9	0	AC/AT/CG	0.99999999	0	1	1e-26	1e-26	1e-26	1e-26
3	9	1	AC/CC/CG	1e-08	1	0	1e-06	1e-06	1e-06	1e-06
3	9	1	AC/CG/CG	1e-08	1	0	1e-06	1e-06	1e-06	1e-06
4	9	0	AC/CT/CG	0.99999999	0	1	1e-26	1e-26	1e-26	1e-26
3	9	1	AC/GG/CG	1e-08	1	0	1e-06	1e-06	1e-06	1e-06
4	9	0	AC/GT/CG	0.99999999	0	1	1e-26	1e-26	1e-26	1e-26
4	9	0	AC/TT/CG	0.99999999	0	1	1e-26	1e-26	1e-26	1e-26
3	9	0.5	AG/AA/CG	0.99999999	0	1	9.661835749e-09	9.661835749e-09	9.661835749e-09	9.661835749e-09
3	9	0.25	AG/AC/CG	0.99999999	0	1	9.661835749e-09	9.661835749e-09	9.661835749e-09	9.661835749e-09
3	9	0.25	AG/AG/CG	0.99999999	0	1	9.661835749e-09	9.661835749e-09	9.661835749e-09	9.661835749e-09
4	9	0	AG/AT/CG	0.99999999	0	1	1e-26	1e-26	1e-26	1e-26
3	9	1	AG/CC/CG	1e-08	1	0	1e-06	1e-06	1e-06	1e-06
3	9	1	AG/CG/CG	1e-08	1	0	1e-06	1e-06	1e-06	1e-06
4	9	0	AG/CT/CG	0.99999999	0	1	1e-26	1e-26	1e-26	1e-26
3	9	1	AG/GG/CG	1e-08	1	0	1e-06	1e-06	1e-06	1e-06
4	9	0	AG/GT/CG	0.99999999	0	1	1e-26	1e-26	1e-26	1e-26
4	9	0	AG/TT/CG	0.99999999	0	1	1e-26	1e-26	1e-26	1e-26
4	9	0	AT/AA/CG	0.99999999	0	1	1e-26	1e-26	1e-26	1e-26
4	9	0	AT/AC/CG	0.99999999	0	1	1e-26	1e-26	1e-26	1e-26
4	9	0	AT/AG/CG	0.99999999	0	1	1e-26	1e-26	1e-26	1e-26
4	9	0	AT/AT/CG	0.99999999	0	1	1e-26	1e-26	1e-26	1e-26
4	9	0	AT/CC/CG	0.99999999	0	1	1e-26	1e-26	1e-26	1e-26
4	9	0	AT/CG/CG	0.99999999	0	1	1e-26	1e-26	1e-26	1e-26
4	9	0	AT/CT/CG	0.99999999	0	1	1e-26	1e-26	1e-26	1e-26
4	9	0	AT/GG/CG	0.99999999	0	1	1e-26	1e-26	1e-26	1e-26
4	9	0	AT/GT/CG	0.99999999	0	1	1e-26	1e-26	1e-26	1e-26
4	9	0	AT/TT/CG	0.99999999	0	1	1e-26	1e-26	1e-26	1e-26
3	9	1	CC/AA/CG	1e-08	1	0	9.661835749e-09	9.661835749e-09	9.661835749e-09	9.661835749e-09
3	9	0.25	CC/AC/CG	0.99999999	0	1	9.661835749e-09	9.661835749e-09	9.661835749e-09	9.661835749e-09
3	9	1	CC/AG/CG	1e-08	1	0	9.661835749e-09	9.661835749e-09	9.661835749e-09	9.661835749e-09
4	9	0	CC/AT/CG	0.99999999	0	1	1e-26	1e-26	1e-26	1e-26
2	7	0.5	CC/CC/CG	0.99999999	0	1	9.661835749e-09	0.0004776	0.0001592	9.661835749e-09
2	9	0.25	CC/CG/CG	0.99999999	0	1	9.661835749e-09	0.0003184	0.0003184	9.661835749e-09
3	9	0.25	CC/CT/CG	0.99999999	0	1	9.661835749e-09	9.661835749e-09	9.661835749e-09	9.661835749e-09
2	5	1	CC/GG/CG	1e-08	1	0	9.661835749e-09	0.0001592	0.0004776	9.661835749e-09
3	9	1	CC/GT/CG	1e-08	1	0	9.661835749e-09	9.661835749e-09	9.661835749e-09	9.661835749e-09
3	9	1	CC/TT/CG	1e-08	1	0	9.661835749e-09	9.661835749e-09	9.661835749e-09	9.661835749e-09
3	9	1	CG/AA/CG	1e-08	1	0	9.661835749e-09	9.661835749e-09	9.661835749e-09	9.661835749e-09
3	9	0.25	CG/AC/CG	0.99999999	0	1	9.661835749e-09	9.661835749e-09	9.661835749e-09	9.661835749e-09
3	9	0.25	CG/AG/CG	0.99999999	0	1	9.661835749e-09	9.661835749e-09	9.661835749e-09	9.661835749e-09
4	9	0	CG/AT/CG	0.99999999	0	1	1e-26	1e-26	1e-26	1e-26
2	9	0.5	CG/CC/CG	0.99999999	0	1	9.661835749e-09	0.0004776	0.0001592	9.661835749e-09
2	9	0.5	CG/CG/CG	0.99999999	0	1	9.661835749e-09	0.0003184	0.0003184	9.661835749e-09
3	9	0.25	CG/CT/CG	0.99999999	0	1	9.661835749e-09	9.661835749e-09	9.661835749e-09	9.661835749e-09
2	9	0.5	CG/GG/CG	0.99999999	0	1	9.661835749e-09	0.0001592	0.0004776	9.661835749e-09
3	9	0.25	CG/GT/CG	0.99999999	0	1	9.661835749e-09	9.661835749e-09	9.661835749e-09	9.661835749e-09
3	9	1	CG/TT/CG	1e-08	1	0	9.661835749e-09	9.661835749e-09	9.661835749e-09	9.661835749e-09
4	9	0	CT/AA/CG	0.99999999	0	1	1e-26	1e-26	1e-26	1e-26
4	9	0	CT/AC/CG	0.99999999	0	1	1e-26	1e-26	1e-26	1e-26
4	9	0	CT/AG/CG	0.99999999	0	1	1e-26	1e-26	1e-26	1e-26
4	9	0	CT/AT/CG	0.99999999	0	1	1e-26	1e-26	1e-26	1e-26
3	9	1	CT/CC/CG	1e-08	1	0	1e-06	1e-06	1e-06	1e-06
3	9	1	CT/CG/CG	1e-08	1	0	1e-06	1e-06	1e-06	1e-06
3	9	0.25	CT/CT/CG	0.99999999	0	1	9.661835749e-09	9.661835749e-09	9.661835749e-09	9.661835749e-09
3	9	1	CT/GG/CG	1e-08	1	0	1e-06	1e-06	1e-06	1e-06
3	9	0.25	CT/GT/CG	0.99999999	0	1	9.661835749e-09	9.661835749e-09	9.661835749e-09	9.661835749e-09
3	9	0.5	CT/TT/CG	0.99999999	0	1	9.661835749e-09	9.661835749e-09	9.661835749e-09	9.661835749e-09
3	9	1	GG/AA/CG	1e-08	1	0	9.661835749e-09	9.661835749e-09	9.661835749e-09	9.661835749e-09
3	9	1	GG/AC/CG	1e-08	1	0	9.661835749e-09	9.661835749e-09	9.661835749e-09	9.661835749e-09
3	9	0.25	GG/AG/CG	0.99999999	0	1	9.661835749e-09	9.661835749e-09	9.661835749e-09	9.661835749e-09
4	9	0	GG/AT/CG	0.99999999	0	1	1e-26	1e-26	1e-26	1e-26
2	5	1	GG/CC/CG	1e-08	1	0	9.661835749e-09	0.0004776	0.0001592	9.661835749e-09
2	9	0.25	GG/CG/CG	0.99999999	0	1	9.661835749e-09	0.0003184	0.0003184	9.661835749e-09
3	9	1	GG/CT/CG	1e-08	1	0	9.661835749e-09	9.661835749e-09	9.661835749e-09	9.661835749e-09
2	7	0.5	GG/GG/CG	0.99999999	0	1	9.661835749e-09	0.0001592	0.0004776	9.661835749e-09
3	9	0.25	GG/GT/CG	0.99999999	0	1	9.661835749e-09	9.661835749e-09	9.661835749e-09	9.661835749e-09
3	9	1	GG/TT/CG	1e-08	1	0	9.661835749e-09	9.661835749e-09	9.661835749e-09	9.661835749e-09
4	9	0	GT/AA/CG	0.99999999	0	1	1e-26	1e-26	1e-26	1e-26
4	9	0	GT/AC/CG	0.99999999	0	1	1e-26	1e-26	1e-26	1e-26
4	9	0	GT/AG/CG	0.99999999	0	1	1e-26	1e-26	1e-26	1e-26
4	9	0	GT/AT/CG	0.99999999	0	1	1e-26	1e-26	1e-26	1e-26
3	9	1	GT/CC/CG	1e-08	1	0	1e-06	1e-06	1e-06	1e-06
3	9	1	GT/CG/CG	1e-08	1	0	1e-06	1e-06	1e-06	1e-06
3	9	0.25	GT/CT/CG	0.99999999	0	1	9.661835749e-09	9.661835749e-09	9.661835749e-09	9.661835749e-09
3	9	1	GT/GG/CG	1e-08	1	0	1e-06	1e-06	1e-06	1e-06
3	9	0.25	GT/GT/CG	0.99999999	0	1	9.661835749e-09	9.661835749e-09	9.661835749e-09	9.661835749e-09
3	9	0.5	GT/TT/CG	0.99999999	0	1	9.661835749e-09	9.661835749e-09	9.661835749e-09	9.661835749e-09
4	9	0	TT/AA/CG	0.99999999	0	1	1e-26	1e-26	1e-26	1e-26
4	9	0	TT/AC/CG	0.99999999	0	1	1e-26	1e-26	1e-26	1e-26
4	9	0	TT/AG/CG	0.99999999	0	1	1e-26	1e-26	1e-26	1e-26
4	9	0	TT/AT/CG	0.99999999	0	1	1e-26	1e-26	1e-26	1e-26
3	9	1	TT/CC/CG	1e-16	1	0	1e-06	1e-06	1e-06	1e-06
3	9	1	TT/CG/CG	1e-16	1	0	1e-06	1e-06	1e-06	1e-06
3	9	1	TT/CT/CG	1e-08	1	0	9.661835749e-09	9.661835749e-09	9.661835749e-09	9.661835749e-09
3	9	1	TT/GG/CG	1e-16	1	0	1e-06	1e-06	1e-06	1e-06
3	9	1	TT/GT/CG	1e-08	1	0	9.661835749e-09	9.661835749e-09	9.661835749e-09	9.661835749e-09
3	9	1	TT/TT/CG	1e-08	1	0	9.661835749e-09	9.661835749e-09	9.661835749e-09	9.661835749e-09
3	9	1	AA/AA/CT	1e-08	1	0	9.661835749e-09	9.661835749e-09	9.661835749e-09	9.661835749e-09
3	9	1	AA/AC/CT	1e-08	1	0	9.661835749e-09	9.661835749e-09	9.661835749e-09	9.661835749e-09
4	9	0	AA/AG/CT	0.99999999	0	1	1e-26	1e-26	1e-26	1e-26
3	9	1	AA/AT/CT	1e-08	1	0	9.661835749e-09	9.661835749e-09	9.661835749e-09	9.661835749e-09
3	9	1	AA/CC/CT	1e-16	1	0	1e-06	1e-06	1e-06	1e-06
4	9	0	AA/CG/CT	0.99999999	0	1	1e-26	1e-26	1e-26	1e-26
3	9	1	AA/CT/CT	1e-16	1	0	1e-06	1e-06	1e-06	1e-06
4	9	0	AA/GG/CT	0.99999999	0	1	1e-26	1e-26	1e-26	1e-26
4	9	0	AA/GT/CT	0.99999999	0	1	1e-26	1e-26	1e-26	1e-26
3	9	1	AA/TT/CT	1e-16	1	0	1e-06	1e-06	1e-06	1e-06
3	9	0.5	AC/AA/CT	0.99999999	0	1	9.661835749e-09	9.661835749e-09	9.661835749e-09	9.661835749e-09
3	9	0.25	AC/AC/CT	0.99999999	0	1	9.661835749e-09	9.661835749e-09	9.661835749e-09	9.661835749e-09
4	9	0	AC/AG/CT	0.99999999	0	1	1e-26	1e-26	1e-26	1e-26
3	9	0.25	AC/AT/CT	0.99999999	0	1	9.661835749e-09	9.661835749e-09	9.661835749e-09	9.661835749e-09
3	9	1	AC/CC/CT	1e-08	1	0	1e-06	1e-06	1e-06	1e-06
4	9	0	AC/CG/CT	0.99999999	0	1	1e-26	1e-26	1e-26	1e-26
3	9	1	AC/CT/CT	1e-08	1	0	1e-06	1e-06	1e-06	1e-06
4	9	0	AC/GG/CT	0.99999999	0	1	1e-26	1e-26	1e-26	1e-26
4	9	0	AC/GT/CT	0.99999999	0	1	1e-26	1e-26	1e-26	1e-26
3	9	1	AC/TT/CT	1e-08	1	0	1e-06	1e-06	1e-06	1e-06
4	9	0	AG/AA/CT	0.99999999	0	1	1e-26	1e-26	1e-26	1e-26
4	9	0	AG/AC/CT	0.99999999	0	1	1e-26	1e-26	1e-26	1e-26
4	9	0	AG/AG/CT	0.99999999	0	1	1e-26	1e-26	1e-26	1e-26
4	9	0	AG/AT/CT	0.99999999	0	1	1e-26	1e-26	1e-26	1e-26
4	9	0	AG/CC/CT	0.99999999	0	1	1e-26	1e-26	1e-26	1e-26
4	9	0	AG/CG/CT	0.99999999	0	1	1e-26	1e-26	1e-26	1e-26
4	9	0	AG/CT/CT	0.99999999	0	1	1e-26	1e-26	1e-26	1e-26
4	9	0	AG/GG/CT	0.99999999	0	1	1e-26	1e-26	1e-26	1e-26
4	9	0	AG/GT/CT	0.99999999	0	1	1e-26	1e-26	1e-26	1e-26
4	9	0	AG/TT/CT	0.99999999	0	1	1e-26	1e-26	1e-26	1e-26
3	9	0.5	AT/AA/CT	0.99999999	0	1	9.661835749e-09	9.661835749e-09	9.661835749e-09	9.661835749e-09
3	9	0.25	AT/AC/CT	0.99999999	0	1	9.661835749e-09	9.661835749e-09	9.661835749e-09	9.661835749e-09
4	9	0	AT/AG/CT	0.99999999	0	1	1e-26	1e-26	1e-26	1e-26
3	9	0.25	AT/AT/CT	0.99999999	0	1	9.661835749e-09	9.661835749e-09	9.661835749e-09	9.661835749e-09
3	9	1	AT/CC/CT	1e-08	1	0	1e-06	1e-06	1e-06	1e-06
4	9	0	AT/CG/CT	0.99999999	0	1	1e-26	1e-26	1e-26	1e-26
3	9	1	AT/CT/CT	1e-08	1	0	1e-06	1e-06	1e-06	1e-06
4	9	0	AT/GG/CT	0.99999999	0	1	1e-26	1e-26	1e-26	1e-26
4	9	0	AT/GT/CT	0.99999999	0	1	1e-26	1e-26	1e-26	1e-26
3	9	1	AT/TT/CT	1e-08	1	0	1e-06	1e-06	1e-06	1e-06
3	9	1	CC/AA/CT	1e-08	1	0	9.661835749e-09	9.661835749e-09	9.661835749e-09	9.661835749e-09
3	9	0.25	CC/AC/CT	0.99999999	0	1	9.661835749e-09	9.661835749e-09	9.661835749e-09	9.661835749e-09
4	9	0	CC/AG/CT	0.99999999	0	1	1e-26	1e-26	1e-26	1e-26
3	9	1	CC/AT/CT	1e-08	1	0	9.661835749e-09	9.661835749e-09	9.661835749e-09	9.661835749e-09
2	7	0.5	CC/CC/CT	0.99999999	0	1	9.661835749e-09	0.0004776	9.661835749e-09	0.0001592
3	9	0.25	CC/CG/CT	0.99999999	0	1	9.661835749e-09	9.661835749e-09	9.661835749e-09	9.661835749e-09
2	9	0.25	CC/CT/CT	0.99999999	0	1	9.661835749e-09	0.0003184	9.661835749e-09	0.0003184
3	9	1	CC/GG/CT	1e-08	1	0	9.661835749e-09	9.661835749e-09	9.661835749e-09	9.661835749e-09
3	9	1	CC/GT/CT	1e-08	1	0	9.661835749e-09	9.661835749e-09	9.661835749e-09	9.661835749e-09
2	4	1	CC/TT/CT	1e-08	1	0	9.661835749e-09	0.0001592	9.661835749e-09	0.0004776
4	9	0	CG/AA/CT	0.99999999	0	1	1e-26	1e-26	1e-26	1e-26
4	9	0	CG/AC/CT	0.99999999	0	1	1e-26	1e-26	1e-26	1e-26
4	9	0	CG/AG/CT	0.99999999	0	1	1e-26	1e-26	1e-26	1e-26
4	9	0	CG/AT/CT	0.99999999	0	1	1e-26	1e-26	1e-26	1e-26
3	9	1	CG/CC/CT	1e-08	1	0	1e-06	1e-06	1e-06	1e-06
3	9	0.25	CG/CG/CT	0.99999999	0	1	9.661835749e-09	9.661835749e-09	9.661835749e-09	9.661835749e-09
3	9	1	CG/CT/CT	1e-08	1	0	1e-06	1e-06	1e-06	1e-06
3	9	0.5	CG/GG/CT	0.99999999	0	1	9.661835749e-09	9.661835749e-09	9.661835749e-09	9.661835749e-09
3	9	0.25	CG/GT/CT	0.99999999	0	1	9.661835749e-09	9.661835749e-09	9.661835749e-09	9.661835749e-09
3	9	1	CG/TT/CT	1e-08	1	0	1e-06	1e-06	1e-06	1e-06
3	9	1	CT/AA/CT	1e-08	1	0	9.661835749e-09	9.661835749e-09	9.661835749e-09	9.661835749e-09
3	9	0.25	CT/AC/CT	0.99999999	0	1	9.661835749e-09	9.661835749e-09	9.661835749e-09	9.661835749e-09
4	9	0	CT/AG/CT	0.99999999	0	1	1e-26	1e-26	1e-26	1e-26
3	9	0.25	CT/AT/CT	0.99999999	0	1	9.661835749e-09	9.661835749e-09	9.661835749e-09	9.661835749e-09
2	9	0.5	CT/CC/CT	0.99999999	0	1	9.661835749e-09	0.0004776	9.661835749e-09	0.0001592
3	9	0.25	CT/CG/CT	0.99999999	0	1	9.661835749e-09	9.661835749e-09	9.661835749e-09	9.661835749e-09
2	9	0.5	CT/CT/CT	0.99999999	0	1	9.661835749e-09	0.0003184	9.661835749e-09	0.0003184
3	9	1	CT/GG/CT	1e-08	1	0	9.661835749e-09	9.661835749e-09	9.661835749e-09	9.661835749e-09
3	9	0.25	CT/GT/CT	0.99999999	0	1	9.661835749e-09	9.661835749e-09	9.661835749e-09	9.661835749e-09
2	9	0.5	CT/TT/CT	0.99999999	0	1	9.661835749e-09	0.0001592	9.661835749e-09	0.0004776
4	9	0	GG/AA/CT	0.99999999	0	1	1e-26	1e-26	1e-26	1e-26
4	9	0	GG/AC/CT	0.99999999	0	1	1e-26	1e-26	1e-26	1e-26
4	9	0	GG/AG/CT	0.99999999	0	1	1e-26	1e-26	1e-26	1e-26
4	9	0	GG/AT/CT	0.99999999	0	1	1e-26	1e-26	1e-26	1e-26
3	9	1	GG/CC/CT	1e-16	1	0	1e-06	1e-06	1e-06	1e-06
3	9	1	GG/CG/CT	1e-08	1	0	9.661835749e-09	9.661835749e-09	9.661835749e-09	9.661835749e-09
3	9	1	GG/CT/CT	1e-16	1	0	1e-06	1e-06	1e-06	1e-06
3	9	1	GG/GG/CT	1e-08	1	0	9.661835749e-09	9.661835749e-09	9.661835749e-09	9.661835749e-09
3	9	1	GG/GT/CT	1e-08	1	0	9.661835749e-09	9.661835749e-09	9.661835749e-09	9.661835749e-09
3	9	1	GG/TT/CT	1e-16	1	0	1e-06	1e-06	1e-06	1e-06
4	9	0	GT/AA/CT	0.99999999	0	1	1e-26	1e-26	1e-26	1e-26
4	9	0	GT/AC/CT	0.99999999	0	1	1e-26	1e-26	1e-26	1e-26
4	9	0	GT/AG/CT	0.99999999	0	1	1e-26	1e-26	1e-26	1e-26
4	9	0	GT/AT/CT	0.99999999	0	1	1e-26	1e-26	1e-26	1e-26
3	9	1	GT/CC/CT	1e-08	1	0	1e-06	1e-06	1e-06	1e-06
3	9	0.25	GT/CG/CT	0.99999999	0	1	9.661835749e-09	9.661835749e-09	9.661835749e-09	9.661835749e-09
3	9	1	GT/CT/CT	1e-08	1	0	1e-06	1e-06	1e-06	1e-06
3	9	0.5	GT/GG/CT	0.99999999	0	1	9.661835749e-09	9.661835749e-09	9.661835749e-09	9.661835749e-09
3	9	0.25	GT/GT/CT	0.99999999	0	1	9.661835749e-09	9.661835749e-09	9.661835749e-09	9.661835749e-09
3	9	1	GT/TT/CT	1e-08	1	0	1e-06	1e-06	1e-06	1e-06
3	9	1	TT/AA/CT	1e-08	1	0	9.661835749e-09	9.661835749e-09	9.661835749e-09	9.661835749e-09
3	9	1	TT/AC/CT	1e-08	1	0	9.661835749e-09	9.661835749e-09	9.661835749e-09	9.661835749e-09
4	9	0	TT/AG/CT	0.99999999	0	1	1e-26	1e-26	1e-26	1e-26
3	9	0.25	TT/AT/CT	0.99999999	0	1	9.661835749e-09	9.661835749e-09	9.661835749e-09	9.661835749e-09
2	4	1	TT/CC/CT	1e-08	1	0	9.661835749e-09	0.0004776	9.661835749e-09	0.0001592
3	9	1	TT/CG/CT	1e-08	1	0	9.661835749e-09	9.661835749e-09	9.661835749e-09	9.661835749e-09
2	9	0.25	TT/CT/CT	0.99999999	0	1	9.661835749e-09	0.0003184	9.661835749e-09	0.0003184
3	9	1	TT/GG/CT	1e-08	1	0	9.661835749e-09	9.661835749e-09	9.661835749e-09	9.661835749e-09
3	9	0.25	TT/GT/CT	0.99999999	0	1	9.661835749e-09	9.661835749e-09	9.661835749e-09	9.661835749e-09
2	7	0.5	TT/TT/CT	0.99999999	0	1	9.661835749e-09	0.0001592	9.661835749e-09	0.0004776
2	4	1	AA/AA/GG	1e-08	1	0	7.96e-05	9.661835749e-09	7.96e-05	9.661835749e-09
3	9	1	AA/AC/GG	1e-08	1	0	9.661835749e-09	9.661835749e-09	9.661835749e-09	9.661835749e-09
2	4	1	AA/AG/GG	1e-08	1	0	0.0001592	9.661835749e-09	0.0004776	9.661835749e-09
3	9	1	AA/AT/GG	1e-08	1	0	9.661835749e-09	9.661835749e-09	9.661835749e-09	9.661835749e-09
3	9	1	AA/CC/GG	1e-16	1	0	1e-06	1e-06	1e-06	1e-06
3	9	1	AA/CG/GG	1e-16	1	0	1e-06	1e-06	1e-06	1e-06
4	9	0	AA/CT/GG	0.99999999	0	1	1e-26	1e-26	1e-26	1e-26
2	3	1	AA/GG/GG	1e-16	1	0	0.0002388	0.0002388	0.99301	0.0002388
3	9	1	AA/GT/GG	1e-16	1	0	1e-06	1e-06	1e-06	1e-06
3	9	1	AA/TT/GG	1e-16	1	0	1e-06	1e-06	1e-06	1e-06
3	9	1	AC/AA/GG	1e-08	1	0	1e-06	1e-06	1e-06	1e-06
3	9	1	AC/AC/GG	1e-08	1	0	9.661835749e-09	9.661835749e-09	9.661835749e-09	9.661835749e-09
3	9	1	AC/AG/GG	1e-08	1	0	1e-06	1e-06	1e-06	1e-06
4	9	0	AC/AT/GG	0.99999999	0	1	1e-26	1e-26	1e-26	1e-26
3	9	1	AC/CC/GG	1e-08	1	0	1e-06	1e-06	1e-06	1e-06
3	9	1	AC/CG/GG	1e-08	1	0	1e-06	1e-06	1e-06	1e-06
4	9	0	AC/CT/GG	0.99999999	0	1	1e-26	1e-26	1e-26	1e-26
3	9	1	AC/GG/GG	1e-16	1	0	1e-06	1e-06	1e-06	1e-06
4	9	0	AC/GT/GG	0.99999999	0	1	1e-26	1e-26	1e-26	1e-26
4	9	0	AC/TT/GG	0.99999999	0	1	1e-26	1e-26	1e-26	1e-26
2	9	1	AG/AA/GG	0.99999999	0	1	7.96e-05	9.661835749e-09	7.96e-05	9.661835749e-09
3	9	0.5	AG/AC/GG	0.99999999	0	1	9.661835749e-09	9.661835749e-09	9.661835749e-09	9.661835749e-09
2	9	0.5	AG/AG/GG	0.99999999	0	1	0.0001592	9.661835749e-09	0.0004776	9.661835749e-09
3	9	0.5	AG/AT/GG	0.99999999	0	1	9.661835749e-09	9.661835749e-09	9.661835749e-09	9.661835749e-09
3	9	1	AG/CC/GG	1e-08	1	0	1e-06	1e-06	1e-06	1e-06
3	9	1	AG/CG/GG	1e-08	1	0	1e-06	1e-06	1e-06	1e-06
4	9	0	AG/CT/GG	0.99999999	0	1	1e-26	1e-26	1e-26	1e-26
2	4	2	AG/GG/GG	1e-08	1	0	0.0002388	0.0002388	0.99301	0.0002388
3	9	1	AG/GT/GG	1e-08	1	0	1e-06	1e-06	1e-06	1e-06
3	9	1	AG/TT/GG	1e-08	1	0	1e-06	1e-06	1e-06	1e-06
3	9	1	AT/AA/GG	1e-08	1	0	1e-06	1e-06	1e-06	1e-06
4	9	0	AT/AC/GG	0.99999999	0	1	1e-26	1e-26	1e-26	1e-26
3	9	1	AT/AG/GG	1e-08	1	0	1e-06	1e-06	1e-06	1e-06
3	9	1	AT/AT/GG	1e-08	1	0	9.661835749e-09	9.661835749e-09	9.661835749e-09	9.661835749e-09
4	9	0	AT/CC/GG	0.99999999	0	1	1e-26	1e-26	1e-26	1e-26
4	9	0	AT/CG/GG	0.99999999	0	1	1e-26	1e-26	1e-26	1e-26
4	9	0	AT/CT/GG	0.99999999	0	1	1e-26	1e-26	1e-26	1e-26
3	9	1	AT/GG/GG	1e-16	1	0	1e-06	1e-06	1e-06	1e-06
3	9	1	AT/GT/GG	1e-08	1	0	1e-06	1e-06	1e-06	1e-06
3	9	1	AT/TT/GG	1e-08	1	0	1e-06	1e-06	1e-06	1e-06
3	9	1	CC/AA/GG	1e-16	1	0	1e-06	1e-06	1e-06	1e-06
3	9	1	CC/AC/GG	1e-08	1	0	9.661835749e-09	9.661835749e-09	9.661835749e-09	9.661835749e-09
3	9	1	CC/AG/GG	1e-16	1	0	1e-06	1e-06	1e-06	1e-06
4	9	0	CC/AT/GG	0.99999999	0	1	1e-26	1e-26	1e-26	1e-26
2	5	1	CC/CC/GG	1e-08	1	0	9.661835749e-09	7.96e-05	7.96e-05	9.661835749e-09
2	5	1	CC/CG/GG	1e-08	1	0	9.661835749e-09	0.0001592	0.0004776	9.661835749e-09
3	9	1	CC/CT/GG	1e-08	1	0	9.661835749e-09	9.661835749e-09	9.661835749e-09	9.661835749e-09
2	3	1	CC/GG/GG	1e-16	1	0	0.0002388	0.0002388	0.99301	0.0002388
3	9	1	CC/GT/GG	1e-16	1	0	1e-06	1e-06	1e-06	1e-06
3	9	1	CC/TT/GG	1e-16	1	0	1e-06	1e-06	1e-06	1e-06
3	9	1	CG/AA/GG	1e-08	1	0	1e-06	1e-06	1e-06	1e-06
3	9	0.5	CG/AC/GG	0.99999999	0	1	9.661835749e-09	9.661835749e-09	9.661835749e-09	9.661835749e-09
3	9	1	CG/AG/GG	1e-08	1	0	1e-06	1e-06	1e-06	1e-06
4	9	0	CG/AT/GG	0.99999999	0	1	1e-26	1e-26	1e-26	1e-26
2	9	1	CG/CC/GG	0.99999999	0	1	9.661835749e-09	7.96e-05	7.96e-05	9.661835749e-09
2	9	0.5	CG/CG/GG	0.99999999	0	1	9.661835749e-09	0.0001592	0.0004776	9.661835749e-09
3	9	0.5	CG/CT/GG	0.99999999	0	1	9.661835749e-09	9.661835749e-09	9.661835749e-09	9.661835749e-09
2	5	1	CG/GG/GG	1e-08	1	0	0.0002388	0.0002388	0.99301	0.0002388
3	9	1	CG/GT/GG	1e-08	1	0	1e-06	1e-06	1e-06	1e-06
3	9	1	CG/TT/GG	1e-08	1	0	1e-06	1e-06	1e-06	1e-06
4	9	0	CT/AA/GG	0.99999999	0	1	1e-26	1e-26	1e-26	1e-26
4	9	0	CT/AC/GG	0.99999999	0	1	1e-26	1e-26	1e-26	1e-26
4	9	0	CT/AG/GG	0.99999999	0	1	1e-26	1e-26	1e-26	1e-26
4	9	0	CT/AT/GG	0.99999999	0	1	1e-26	1e-26	1e-26	1e-26
3	9	1	CT/CC/GG	1e-08	1	0	1e-06	1e-06	1e-06	1e-06
3	9	1	CT/CG/GG	1e-08	1	0	1e-06	1e-06	1e-06	1e-06
3	9	1	CT/CT/GG	1e-08	1	0	9.661835749e-09	9.661835749e-09	9.661835749e-09	9.661835749e-09
3	9	1	CT/GG/GG	1e-16	1	0	1e-06	1e-06	1e-06	1e-06
3	9	1	CT/GT/GG	1e-08	1	0	1e-06	1e-06	1e-06	1e-06
3	9	1	CT/TT/GG	1e-08	1	0	1e-06	1e-06	1e-06	1e-06
2	4	1	GG/AA/GG	1e-08	1	0	7.96e-05	9.661835749e-09	7.96e-05	9.661835749e-09
3	9	1	GG/AC/GG	1e-08	1	0	9.661835749e-09	9.661835749e-09	9.661835749e-09	9.661835749e-09
2	8	0.5	GG/AG/GG	0.99999999	0	1	0.0001592	9.661835749e-09	0.0004776	9.661835749e-09
3	9	1	GG/AT/GG	1e-08	1	0	9.661835749e-09	9.661835749e-09	9.661835749e-09	9.661835749e-09
2	5	1	GG/CC/GG	1e-08	1	0	9.661835749e-09	7.96e-05	7.96e-05	9.661835749e-09
2	8	0.5	GG/CG/GG	0.99999999	0	1	9.661835749e-09	0.0001592	0.0004776	9.661835749e-09
3	9	1	GG/CT/GG	1e-08	1	0	9.661835749e-09	9.661835749e-09	9.661835749e-09	9.661835749e-09
1	6	1	GG/GG/GG	0.99999999	0	1	0.0002388	0.0002388	0.99301	0.0002388
2	8	0.5	GG/GT/GG	0.99999999	0	1	9.661835749e-09	9.661835749e-09	0.0004776	0.0001592
2	5	1	GG/TT/GG	1e-08	1	0	9.661835749e-09	9.661835749e-09	7.96e-05	7.96e-05
3	9	1	GT/AA/GG	1e-08	1	0	1e-06	1e-06	1e-06	1e-06
4	9	0	GT/AC/GG	0.99999999	0	1	1e-26	1e-26	1e-26	1e-26
3	9	1	GT/AG/GG	1e-08	1	0	1e-06	1e-06	1e-06	1e-06
3	9	0.5	GT/AT/GG	0.99999999	0	1	9.661835749e-09	9.661835749e-09	9.661835749e-09	9.661835749e-09
3	9	1	GT/CC/GG	1e-08	1	0	1e-06	1e-06	1e-06	1e-06
3	9	1	GT/CG/GG	1e-08	1	0	1e-06	1e-06	1e-06	1e-06
3	9	0.5	GT/CT/GG	0.99999999	0	1	9.661835749e-09	9.661835749e-09	9.661835749e-09	9.661835749e-09
2	5	1	GT/GG/GG	1e-08	1	0	0.0002388	0.0002388	0.99301	0.0002388
2	9	0.5	GT/GT/GG	0.99999999	0	1	9.661835749e-09	9.661835749e-09	0.0004776	0.0001592
2	9	1	GT/TT/GG	0.99999999	0	1	9.661835749e-09	9.661835749e-09	7.96e-05	7.96e-05
3	9	1	TT/AA/GG	1e-16	1	0	1e-06	1e-06	1e-06	1e-06
4	9	0	TT/AC/GG	0.99999999	0	1	1e-26	1e-26	1e-26	1e-26
3	9	1	TT/AG/GG	1e-16	1	0	1e-06	1e-06	1e-06	1e-06
3	9	1	TT/AT/GG	1e-08	1	0	9.661835749e-09	9.661835749e-09	9.661835749e-09	9.661835749e-09
3	9	1	TT/CC/GG	1e-16	1	0	1e-06	1e-06	1e-06	1e-06
3	9	1	TT/CG/GG	1e-16	1	0	1e-06	1e-06	1e-06	1e-06
3	9	1	TT/CT/GG	1e-08	1	0	9.661835749e-09	9.661835749e-09	9.661835749e-09	9.661835749e-09
2	3	1	TT/GG/GG	1e-16	1	0	0.0002388	0.0002388	0.99301	0.0002388
2	5	1	TT/GT/GG	1e-08	1	0	9.661835749e-09	9.661835749e-09	0.0004776	0.0001592
2	5	1	TT/TT/GG	1e-08	1	0	9.661835749e-09	9.661835749e-09	7.96e-05	7.96e-05
3	9	1	AA/AA/GT	1e-08	1	0	9.661835749e-09	9.661835749e-09	9.661835749e-09	9.661835749e-09
4	9	0	AA/AC/GT	0.99999999	0	1	1e-26	1e-26	1e-26	1e-26
3	9	1	AA/AG/GT	1e-08	1	0	9.661835749e-09	9.661835749e-09	9.661835749e-09	9.661835749e-09
3	9	1	AA/AT/GT	1e-08	1	0	9.661835749e-09	9.661835749e-09	9.661835749e-09	9.661835749e-09
4	9	0	AA/CC/GT	0.99999999	0	1	1e-26	1e-26	1e-26	1e-26
4	9	0	AA/CG/GT	0.99999999	0	1	1e-26	1e-26	1e-26	1e-26
4	9	0	AA/CT/GT	0.99999999	0	1	1e-26	1e-26	1e-26	1e-26
3	9	1	AA/GG/GT	1e-16	1	0	1e-06	1e-06	1e-06	1e-06
3	9	1	AA/GT/GT	1e-16	1	0	1e-06	1e-06	1e-06	1e-06
3	9	1	AA/TT/GT	1e-16	1	0	1e-06	1e-06	1e-06	1e-06
4	9	0	AC/AA/GT	0.99999999	0	1	1e-26	1e-26	1e-26	1e-26
4	9	0	AC/AC/GT	0.99999999	0	1	1e-26	1e-26	1e-26	1e-26
4	9	0	AC/AG/GT	0.99999999	0	1	1e-26	1e-26	1e-26	1e-26
4	9	0	AC/AT/GT	0.99999999	0	1	1e-26	1e-26	1e-26	1e-26
4	9	0	AC/CC/GT	0.99999999	0	1	1e-26	1e-26	1e-26	1e-26
4	9	0	AC/CG/GT	0.99999999	0	1	1e-26	1e-26	1e-26	1e-26
4	9	0	AC/CT/GT	0.99999999	0	1	1e-26	1e-26	1e-26	1e-26
4	9	0	AC/GG/GT	0.99999999	0	1	1e-26	1e-26	1e-26	1e-26
4	9	0	AC/GT/GT	0.99999999	0	1	1e-26	1e-26	1e-26	1e-26
4	9	0	AC/TT/GT	0.99999999	0	1	1e-26	1e-26	1e-26	1e-26
3	9	0.5	AG/AA/GT	0.99999999	0	1	9.661835749e-09	9.661835749e-09	9.661835749e-09	9.661835749e-09
4	9	0	AG/AC/GT	0.99999999	0	1	1e-26	1e-26	1e-26	1e-26
3	9	0.25	AG/AG/GT	0.99999999	0	1	9.661835749e-09	9.661835749e-09	9.661835749e-09	9.661835749e-09
3	9	0.25	AG/AT/GT	0.99999999	0	1	9.661835749e-09	9.661835749e-09	9.661835749e-09	9.661835749e-09
4	9	0	AG/CC/GT	0.99999999	0	1	1e-26	1e-26	1e-26	1e-26
4	9	0	AG/CG/GT	0.99999999	0	1	1e-26	1e-26	1e-26	1e-26
4	9	0	AG/CT/GT	0.99999999	0	1	1e-26	1e-26	1e-26	1e-26
3	9	1	AG/GG/GT	1e-08	1	0	1e-06	1e-06	1e-06	1e-06
3	9	1	AG/GT/GT	1e-08	1	0	1e-06	1e-06	1e-06	1e-06
3	9	1	AG/TT/GT	1e-08	1	0	1e-06	1e-06	1e-06	1e-06
3	9	0.5	AT/AA/GT	0.99999999	0	1	9.661835749e-09	9.661835749e-09	9.661835749e-09	9.661835749e-09
4	9	0	AT/AC/GT	0.99999999	0	1	1e-26	1e-26	1e-26	1e-26
3	9	0.25	AT/AG/GT	0.99999999	0	1	9.661835749e-09	9.661835749e-09	9.661835749e-09	9.661835749e-09
3	9	0.25	AT/AT/GT	0.99999999	0	1	9.661835749e-09	9.661835749e-09	9.661835749e-09	9.661835749e-09
4	9	0	AT/CC/GT	0.99999999	0	1	1e-26	1e-26	1e-26	1e-26
4	9	0	AT/CG/GT	0.99999999	0	1	1e-26	1e-26	1e-26	1e-26
4	9	0	AT/CT/GT	0.99999999	0	1	1e-26	1e-26	1e-26	1e-26
3	9	1	AT/GG/GT	1e-08	1	0	1e-06	1e-06	1e-06	1e-06
3	9	1	AT/GT/GT	1e-08	1	0	1e-06	1e-06	1e-06	1e-06
3	9	1	AT/TT/GT	1e-08	1	0	1e-06	1e-06	1e-06	1e-06
4	9	0	CC/AA/GT	0.99999999	0	1	1e-26	1e-26	1e-26	1e-26
4	9	0	CC/AC/GT	0.99999999	0	1	1e-26	1e-26	1e-26	1e-26
4	9	0	CC/AG/GT	0.99999999	0	1	1e-26	1e-26	1e-26	1e-26
4	9	0	CC/AT/GT	0.99999999	0	1	1e-26	1e-26	1e-26	1e-26
3	9	1	CC/CC/GT	1e-08	1	0	9.661835749e-09	9.661835749e-09	9.661835749e-09	9.661835749e-09
3	9	1	CC/CG/GT	1e-08	1	0	9.661835749e-09	9.661835749e-09	9.661835749e-09	9.661835749e-09
3	9	1	CC/CT/GT	1e-08	1	0	9.661835749e-09	9.661835749e-09	9.661835749e-09	9.661835749e-09
3	9	1	CC/GG/GT	1e-16	1	0	1e-06	1e-06	1e-06	1e-06
3	9	1	CC/GT/GT	1e-16	1	0	1e-06	1e-06	1e-06	1e-06
3	9	1	CC/TT/GT	1e-16	1	0	1e-06	1e-06	1e-06	1e-06
4	9	0	CG/AA/GT	0.99999999	0	1	1e-26	1e-26	1e-26	1e-26
4	9	0	CG/AC/GT	0.99999999	0	1	1e-26	1e-26	1e-26	1e-26
4	9	0	CG/AG/GT	0.99999999	0	1	1e-26	1e-26	1e-26	1e-26
4	9	0	CG/AT/GT	0.99999999	0	1	1e-26	1e-26	1e-26	1e-26
3	9	0.5	CG/CC/GT	0.99999999	0	1	9.661835749e-09	9.661835749e-09	9.661835749e-09	9.661835749e-09
3	9	0.25	CG/CG/GT	0.99999999	0	1	9.661835749e-09	9.661835749e-09	9.661835749e-09	9.661835749e-09
3	9	0.25	CG/CT/GT	0.99999999	0	1	9.661835749e-09	9.661835749e-09	9.661835749e-09	9.661835749e-09
3	9	1	CG/GG/GT	1e-08	1	0	1e-06	1e-06	1e-06	1e-06
3	9	1	CG/GT/GT	1e-08	1	0	1e-06	1e-06	1e-06	1e-06
3	9	1	CG/TT/GT	1e-08	1	0	1e-06	1e-06	1e-06	1e-06
4	9	0	CT/AA/GT	0.99999999	0	1	1e-26	1e-26	1e-26	1e-26
4	9	0	CT/AC/GT	0.99999999	0	1	1e-26	1e-26	1e-26	1e-26
4	9	0	CT/AG/GT	0.99999999	0	1	1e-26	1e-26	1e-26	1e-26
4	9	0	CT/AT/GT	0.99999999	0	1	1e-26	1e-26	1e-26	1e-26
3	9	0.5	CT/CC/GT	0.99999999	0	1	9.661835749e-09	9.661835749e-09	9.661835749e-09	9.661835749e-09
3	9	0.25	CT/CG/GT	0.99999999	0	1	9.661835749e-09	9.661835749e-09	9.661835749e-09	9.661835749e-09
3	9	0.25	CT/CT/GT	0.99999999	0	1	9.661835749e-09	9.661835749e-09	9.661835749e-09	9.661835749e-09
3	9	1	CT/GG/GT	1e-08	1	0	1e-06	1e-06	1e-06	1e-06
3	9	1	CT/GT/GT	1e-08	1	0	1e-06	1e-06	1e-06	1e-06
3	9	1	CT/TT/GT	1e-08	1	0	1e-06	1e-06	1e-06	1e-06
3	9	1	GG/AA/GT	1e-08	1	0	9.661835749e-09	9.661835749e-09	9.661835749e-09	9.661835749e-09
4	9	0	GG/AC/GT	0.99999999	0	1	1e-26	1e-26	1e-26	1e-26
3	9	0.25	GG/AG/GT	0.99999999	0	1	9.661835749e-09	9.661835749e-09	9.661835749e-09	9.661835749e-09
3	9	1	GG/AT/GT	1e-08	1	0	9.661835749e-09	9.661835749e-09	9.661835749e-09	9.661835749e-09
3	9	1	GG/CC/GT	1e-08	1	0	9.661835749e-09	9.661835749e-09	9.661835749e-09	9.661835749e-09
3	9	0.25	GG/CG/GT	0.99999999	0	1	9.661835749e-09	9.661835749e-09	9.661835749e-09	9.661835749e-09
3	9	1	GG/CT/GT	1e-08	1	0	9.661835749e-09	9.661835749e-09	9.661835749e-09	9.661835749e-09
2	7	0.5	GG/GG/GT	0.99999999	0	1	9.661835749e-09	9.661835749e-09	0.0004776	0.0001592
2	9	0.25	GG/GT/GT	0.99999999	0	1	9.661835749e-09	9.661835749e-09	0.0003184	0.0003184
2	5	1	GG/TT/GT	1e-08	1	0	9.661835749e-09	9.661835749e-09	0.0001592	0.0004776
3	9	1	GT/AA/GT	1e-08	1	0	9.661835749e-09	9.661835749e-09	9.661835749e-09	9.661835749e-09
4	9	0	GT/AC/GT	0.99999999	0	1	1e-26	1e-26	1e-26	1e-26
3	9	0.25	GT/AG/GT	0.99999999	0	1	9.661835749e-09	9.661835749e-09	9.661835749e-09	9.661835749e-09
3	9	0.25	GT/AT/GT	0.99999999	0	1	9.661835749e-09	9.661835749e-09	9.661835749e-09	9.661835749e-09
3	9	1	GT/CC/GT	1e-08	1	0	9.661835749e-09	9.661835749e-09	9.661835749e-09	9.661835749e-09
3	9	0.25	GT/CG/GT	0.99999999	0	1	9.661835749e-09	9.661835749e-09	9.661835749e-09	9.661835749e-09
3	9	0.25	GT/CT/GT	0.99999999	0	1	9.661835749e-09	9.661835749e-09	9.661835749e-09	9.661835749e-09
2	9	0.5	GT/GG/GT	0.99999999	0	1	9.661835749e-09	9.661835749e-09	0.0004776	0.0001592
2	9	0.5	GT/GT/GT	0.99999999	0	1	9.661835749e-09	9.661835749e-09	0.0003184	0.0003184
2	9	0.5	GT/TT/GT	0.99999999	0	1	9.661835749e-09	9.661835749e-09	0.0001592	0.0004776
3	9	1	TT/AA/GT	1e-08	1	0	9.661835749e-09	9.661835749e-09	9.661835749e-09	9.661835749e-09
4	9	0	TT/AC/GT	0.99999999	0	1	1e-26	1e-26	1e-26	1e-26
3	9	1	TT/AG/GT	1e-08	1	0	9.661835749e-09	9.661835749e-09	9.661835749e-09	9.661835749e-09
3	9	0.25	TT/AT/GT	0.99999999	0	1	9.661835749e-09	9.661835749e-09	9.661835749e-09	9.661835749e-09
3	9	1	TT/CC/GT	1e-08	1	0	9.661835749e-09	9.661835749e-09	9.661835749e-09	9.661835749e-09
3	9	1	TT/CG/GT	1e-08	1	0	9.661835749e-09	9.661835749e-09	9.661835749e-09	9.661835749e-09
3	9	0.25	TT/CT/GT	0.99999999	0	1	9.661835749e-09	9.661835749e-09	9.661835749e-09	9.661835749e-09
2	5	1	TT/GG/GT	1e-08	1	0	9.661835749e-09	9.661835749e-09	0.0004776	0.0001592
2	9	0.25	TT/GT/GT	0.99999999	0	1	9.661835749e-09	9.661835749e-09	0.0003184	0.0003184
2	7	0.5	TT/TT/GT	0.99999999	0	1	9.661835749e-09	9.661835749e-09	0.0001592	0.0004776
2	5	1	AA/AA/TT	1e-08	1	0	7.96e-05	9.661835749e-09	9.661835749e-09	7.96e-05
3	9	1	AA/AC/TT	1e-08	1	0	9.661835749e-09	9.661835749e-09	9.661835749e-09	9.661835749e-09
3	9	1	AA/AG/TT	1e-08	1	0	9.661835749e-09	9.661835749e-09	9.661835749e-09	9.661835749e-09
2	5	1	AA/AT/TT	1e-08	1	0	0.0001592	9.661835749e-09	9.661835749e-09	0.0004776
3	9	1	AA/CC/TT	1e-16	1	0	1e-06	1e-06	1e-06	1e-06
4	9	0	AA/CG/TT	0.99999999	0	1	1e-26	1e-26	1e-26	1e-26
3	9	1	AA/CT/TT	1e-16	1	0	1e-06	1e-06	1e-06	1e-06
3	9	1	AA/GG/TT	1e-16	1	0	1e-06	1e-06	1e-06	1e-06
3	9	1	AA/GT/TT	1e-16	1	0	1e-06	1e-06	1e-06	1e-06
2	3	1	AA/TT/TT	1e-16	1	0	0.0002388	0.0002388	0.0002388	0.99301
3	9	1	AC/AA/TT	1e-08	1	0	1e-06	1e-06	1e-06	1e-06
3	9	1	AC/AC/TT	1e-08	1	0	9.661835749e-09	9.661835749e-09	9.661835749e-09	9.661835749e-09
4	9	0	AC/AG/TT	0.99999999	0	1	1e-26	1e-26	1e-26	1e-26
3	9	1	AC/AT/TT	1e-08	1	0	1e-06	1e-06	1e-06	1e-06
3	9	1	AC/CC/TT	1e-08	1	0	1e-06	1e-06	1e-06	1e-06
4	9	0	AC/CG/TT	0.99999999	0	1	1e-26	1e-26	1e-26	1e-26
3	9	1	AC/CT/TT	1e-08	1	0	1e-06	1e-06	1e-06	1e-06
4	9	0	AC/GG/TT	0.99999999	0	1	1e-26	1e-26	1e-26	1e-26
4	9	0	AC/GT/TT	0.99999999	0	1	1e-26	1e-26	1e-26	1e-26
3	9	1	AC/TT/TT	1e-16	1	0	1e-06	1e-06	1e-06	1e-06
3	9	1	AG/AA/TT	1e-08	1	0	1e-06	1e-06	1e-06	1e-06
4	9	0	AG/AC/TT	0.99999999	0	1	1e-26	1e-26	1e-26	1e-26
3	9	1	AG/AG/TT	1e-08	1	0	9.661835749e-09	9.661835749e-09	9.661835749e-09	9.661835749e-09
3	9	1	AG/AT/TT	1e-08	1	0	1e-06	1e-06	1e-06	1e-06
4	9	0	AG/CC/TT	0.99999999	0	1	1e-26	1e-26	1e-26	1e-26
4	9	0	AG/CG/TT	0.99999999	0	1	1e-26	1e-26	1e-26	1e-26
4	9	0	AG/CT/TT	0.99999999	0	1	1e-26	1e-26	1e-26	1e-26
3	9	1	AG/GG/TT	1e-08	1	0	1e-06	1e-06	1e-06	1e-06
3	9	1	AG/GT/TT	1e-08	1	0	1e-06	1e-06	1e-06	1e-06
3	9	1	AG/TT/TT	1e-16	1	0	1e-06	1e-06	1e-06	1e-06
2	9	1	AT/AA/TT	0.99999999	0	1	7.96e-05	9.661835749e-09	9.661835749e-09	7.96e-05
3	9	0.5	AT/AC/TT	0.99999999	0	1	9.661835749e-09	9.661835749e-09	9.661835749e-09	9.661835749e-09
3	9	0.5	AT/AG/TT	0.99999999	0	1	9.661835749e-09	9.661835749e-09	9.661835749e-09	9.661835749e-09
2	9	0.5	AT/AT/TT	0.99999999	0	1	0.0001592	9.661835749e-09	9.661835749e-09	0.0004776
3	9	1	AT/CC/TT	1e-08	1	0	1e-06	1e-06	1e-06	1e-06
4	9	0	AT/CG/TT	0.99999999	0	1	1e-26	1e-26	1e-26	1e-26
3	9	1	AT/CT/TT	1e-08	1	0	1e-06	1e-06	1e-06	1e-06
3	9	1	AT/GG/TT	1e-08	1	0	1e-06	1e-06	1e-06	1e-06
3	9	1	AT/GT/TT	1e-08	1	0	1e-06	1e-06	1e-06	1e-06
2	5	1	AT/TT/TT	1e-08	1	0	0.0002388	0.0002388	0.0002388	0.99301
3	9	1	CC/AA/TT	1e-16	1	0	1e-06	1e-06	1e-06	1e-06
3	9	1	CC/AC/TT	1e-08	1	0	9.661835749e-09	9.661835749e-09	9.661835749e-09	9.661835749e-09
4	9	0	CC/AG/TT	0.99999999	0	1	1e-26	1e-26	1e-26	1e-26
3	9	1	CC/AT/TT	1e-16	1	0	1e-06	1e-06	1e-06	1e-06
2	4	1	CC/CC/TT	1e-08	1	0	9.661835749e-09	7.96e-05	9.661835749e-09	7.96e-05
3	9	1	CC/CG/TT	1e-08	1	0	9.661835749e-09	9.661835749e-09	9.661835749e-09	9.661835749e-09
2	4	1	CC/CT/TT	1e-08	1	0	9.661835749e-09	0.0001592	9.661835749e-09	0.0004776
3	9	1	CC/GG/TT	1e-16	1	0	1e-06	1e-06	1e-06	1e-06
3	9	1	CC/GT/TT	1e-16	1	0	1e-06	1e-06	1e-06	1e-06
2	3	1	CC/TT/TT	1e-16	1	0	0.0002388	0.0002388	0.0002388	0.99301
4	9	0	CG/AA/TT	0.99999999	0	1	1e-26	1e-26	1e-26	1e-26
4	9	0	CG/AC/TT	0.99999999	0	1	1e-26	1e-26	1e-26	1e-26
4	9	0	CG/AG/TT	0.99999999	0	1	1e-26	1e-26	1e-26	1e-26
4	9	0	CG/AT/TT	0.99999999	0	1	1e-26	1e-26	1e-26	1e-26
3	9	1	CG/CC/TT	1e-08	1	0	1e-06	1e-06	1e-06	1e-06
3	9	1	CG/CG/TT	1e-08	1	0	9.661835749e-09	9.661835749e-09	9.661835749e-09	9.661835749e-09
3	9	1	CG/CT/TT	1e-08	1	0	1e-06	1e-06	1e-06	1e-06
3	9	1	CG/GG/TT	1e-08	1	0	1e-06	1e-06	1e-06	1e-06
3	9	1	CG/GT/TT	1e-08	1	0	1e-06	1e-06	1e-06	1e-06
3	9	1	CG/TT/TT	1e-16	1	0	1e-06	1e-06	1e-06	1e-06
3	9	1	CT/AA/TT	1e-08	1	0	1e-06	1e-06	1e-06	1e-06
3	9	0.5	CT/AC/TT	0.99999999	0	1	9.661835749e-09	9.661835749e-09	9.661835749e-09	9.661835749e-09
4	9	0	CT/AG/TT	0.99999999	0	1	1e-26	1e-26	1e-26	1e-26
3	9	1	CT/AT/TT	1e-08	1	0	1e-06	1e-06	1e-06	1e-06
2	9	1	CT/CC/TT	0.99999999	0	1	9.661835749e-09	7.96e-05	9.661835749e-09	7.96e-05
3	9	0.5	CT/CG/TT	0.99999999	0	1	9.661835749e-09	9.661835749e-09	9.661835749e-09	9.661835749e-09
2	9	0.5	CT/CT/TT	0.99999999	0	1	9.661835749e-09	0.0001592	9.661835749e-09	0.0004776
3	9	1	CT/GG/TT	1e-08	1	0	1e-06	1e-06	1e-06	1e-06
3	9	1	CT/GT/TT	1e-08	1	0	1e-06	1e-06	1e-06	1e-06
2	4	2	CT/TT/TT	1e-08	1	0	0.0002388	0.0002388	0.0002388	0.99301
3	9	1	GG/AA/TT	1e-16	1	0	1e-06	1e-06	1e-06	1e-06
4	9	0	GG/AC/TT	0.99999999	0	1	1e-26	1e-26	1e-26	1e-26
3	9	1	GG/AG/TT	1e-08	1	0	9.661835749e-09	9.661835749e-09	9.661835749e-09	9.661835749e-09
3	9	1	GG/AT/TT	1e-16	1	0	1e-06	1e-06	1e-06	1e-06
3	9	1	GG/CC/TT	1e-16	1	0	1e-06	1e-06	1e-06	1e-06
3	9	1	GG/CG/TT	1e-08	1	0	9.661835749e-09	9.661835749e-09	9.661835749e-09	9.661835749e-09
3	9	1	GG/CT/TT	1e-16	1	0	1e-06	1e-06	1e-06	1e-06
2	5	1	GG/GG/TT	1e-08	1	0	9.661835749e-09	9.661835749e-09	7.96e-05	7.96e-05
2	5	1	GG/GT/TT	1e-08	1	0	9.661835749e-09	9.661835749e-09	0.0001592	0.0004776
2	3	1	GG/TT/TT	1e-16	1	0	0.0002388	0.0002388	0.0002388	0.99301
3	9	1	GT/AA/TT	1e-08	1	0	1e-06	1e-06	1e-06	1e-06
4	9	0	GT/AC/TT	0.99999999	0	1	1e-26	1e-26	1e-26	1e-26
3	9	0.5	GT/AG/TT	0.99999999	0	1	9.661835749e-09	9.661835749e-09	9.661835749e-09	9.661835749e-09
3	9	1	GT/AT/TT	1e-08	1	0	1e-06	1e-06	1e-06	1e-06
3	9	1	GT/CC/TT	1e-08	1	0	1e-06	1e-06	1e-06	1e-06
3	9	0.5	GT/CG/TT	0.99999999	0	1	9.661835749e-09	9.661835749e-09	9.661835749e-09	9.661835749e-09
3	9	1	GT/CT/TT	1e-08	1	0	1e-06	1e-06	1e-06	1e-06
2	9	1	GT/GG/TT	0.99999999	0	1	9.661835749e-09	9.661835749e-09	7.96e-05	7.96e-05
2	9	0.5	GT/GT/TT	0.99999999	0	1	9.661835749e-09	9.661835749e-09	0.0001592	0.0004776
2	5	1	GT/TT/TT	1e-08	1	0	0.0002388	0.0002388	0.0002388	0.99301
2	5	1	TT/AA/TT	1e-08	1	0	7.96e-05	9.661835749e-09	9.661835749e-09	7.96e-05
3	9	1	TT/AC/TT	1e-08	1	0	9.661835749e-09	9.661835749e-09	9.661835749e-09	9.661835749e-09
3	9	1	TT/AG/TT	1e-08	1	0	9.661835749e-09	9.661835749e-09	9.661835749e-09	9.661835749e-09
2	8	0.5	TT/AT/TT	0.99999999	0	1	0.0001592	9.661835749e-09	9.661835749e-09	0.0004776
2	4	1	TT/CC/TT	1e-08	1	0	9.661835749e-09	7.96e-05	9.661835749e-09	7.96e-05
3	9	1	TT/CG/TT	1e-08	1	0	9.661835749e-09	9.661835749e-09	9.661835749e-09	9.661835749e-09
2	8	0.5	TT/CT/TT	0.99999999	0	1	9.661835749e-09	0.0001592	9.661835749e-09	0.0004776
2	5	1	TT/GG/TT	1e-08	1	0	9.661835749e-09	9.661835749e-09	7.96e-05	7.96e-05
2	8	0.5	TT/GT/TT	0.99999999	0	1	9.661835749e-09	9.661835749e-09	0.0001592	0.0004776
1	6	1	TT/TT/TT	0.99999999	0	1	0.0002388	0.0002388	0.0002388	0.99301
